orderid,date,customerid,product,quantity,unitprice,totalprice,couponcode,referralsource,paymentmethod
ORD200000,2023-01-04,C72649,Monitor,5,570.62,2853.1,SAVE10,Instagram,Debit Card
ORD200001,2024-08-23,C75739,Phone,2,151.35,302.7,SAVE10,Referral,Online
ORD200002,2024-02-27,C81728,Tablet,5,550.68,2753.3999999999996,FREESHIP,Email,Credit Card
ORD200003,2023-10-15,C33540,Chair,1,273.19,273.19,SAVE10,Facebook,Debit Card
ORD200004,2025-05-08,C81840,Printer,4,626.01,2504.04,SAVE10,Email,Online
ORD200005,2023-10-23,C37249,Phone,2,245.86,491.72,SAVE10,Instagram,Credit Card
ORD200006,2025-06-17,C83492,Laptop,1,664.42,664.42,SAVE10,Facebook,Gift Card
ORD200007,2023-05-12,C41460,Monitor,5,149.55,747.75,FREESHIP,Facebook,Cash
ORD200008,2025-04-02,C26817,Phone,2,134.28,268.56,No Coupon,Email,Gift Card
ORD200009,2023-11-21,C31946,Desk,4,509.38,2037.52,SAVE10,Google,Credit Card
ORD200010,2023-12-29,C43443,Tablet,5,625.97,3129.8500000000004,WINTER15,Instagram,Credit Card
ORD200011,2024-02-17,C93861,Monitor,3,49.14,147.42000000000002,SAVE10,Email,Online
ORD200012,2024-10-15,C38785,Monitor,2,180.5,361.0,FREESHIP,Referral,Debit Card
ORD200013,2023-08-30,C88348,Laptop,3,201.49,604.47,FREESHIP,Facebook,Credit Card
ORD200014,2023-03-27,C98474,Tablet,2,393.33,786.66,SAVE10,Instagram,Debit Card
ORD200015,2023-07-17,C39416,Printer,1,473.96,473.96,No Coupon,Google,Cash
ORD200016,2023-01-24,C28976,Printer,2,533.81,1067.62,FREESHIP,Email,Credit Card
ORD200017,2024-03-02,C60672,Tablet,1,423.4,423.4,No Coupon,Referral,Debit Card
ORD200018,2025-03-26,C84329,Desk,1,431.44,431.44,SAVE10,Facebook,Gift Card
ORD200019,2023-01-23,C14552,Monitor,5,224.0,1120.0,SAVE10,Google,Cash
ORD200020,2023-05-08,C54829,Chair,5,62.51,312.55,WINTER15,Instagram,Cash
ORD200021,2024-11-17,C99023,Monitor,4,342.95,1371.8,No Coupon,Google,Cash
ORD200022,2023-01-29,C34416,Monitor,2,49.62,99.24,SAVE10,Google,Online
ORD200023,2025-04-09,C42372,Phone,4,273.25,1093.0,FREESHIP,Referral,Debit Card
ORD200024,2024-10-30,C17470,Laptop,2,230.95,461.9,WINTER15,Referral,Online
ORD200025,2024-07-24,C42577,Monitor,1,399.98,399.98,WINTER15,Email,Debit Card
ORD200026,2024-03-06,C21944,Laptop,5,59.55,297.75,No Coupon,Referral,Online
ORD200027,2024-02-22,C97593,Printer,1,472.74,472.74,WINTER15,Google,Online
ORD200028,2023-11-21,C59823,Phone,4,160.07,640.28,No Coupon,Email,Online
ORD200029,2024-09-20,C33260,Desk,3,423.53,1270.59,SAVE10,Referral,Credit Card
ORD200030,2025-03-22,C44267,Monitor,2,426.7,853.4,SAVE10,Referral,Online
ORD200031,2023-06-30,C26445,Chair,3,500.08,1500.24,No Coupon,Facebook,Debit Card
ORD200032,2023-05-01,C12388,Tablet,5,536.72,2683.6000000000004,No Coupon,Email,Cash
ORD200033,2023-06-05,C52184,Chair,1,162.77,162.77,WINTER15,Facebook,Online
ORD200034,2023-01-07,C67195,Chair,4,576.52,2306.08,WINTER15,Facebook,Credit Card
ORD200035,2024-12-07,C50304,Monitor,2,465.15,930.3,SAVE10,Facebook,Online
ORD200036,2025-05-08,C59337,Laptop,2,534.43,1068.86,No Coupon,Facebook,Debit Card
ORD200037,2024-10-14,C10054,Laptop,2,76.74,153.48,SAVE10,Instagram,Cash
ORD200038,2024-12-19,C15924,Laptop,1,245.89,245.89,SAVE10,Google,Debit Card
ORD200039,2025-02-27,C96664,Printer,3,256.46,769.3799999999999,SAVE10,Referral,Credit Card
ORD200040,2023-08-20,C84766,Desk,2,344.02,688.04,FREESHIP,Instagram,Online
ORD200041,2023-12-05,C20212,Monitor,3,611.45,1834.3500000000001,FREESHIP,Instagram,Gift Card
ORD200042,2024-05-06,C28712,Printer,2,151.66,303.32,No Coupon,Instagram,Cash
ORD200043,2023-12-14,C60572,Chair,3,499.21,1497.6299999999999,No Coupon,Instagram,Online
ORD200044,2025-04-21,C73225,Phone,2,550.18,1100.36,FREESHIP,Referral,Gift Card
ORD200045,2024-02-10,C17388,Chair,1,317.25,317.25,SAVE10,Facebook,Debit Card
ORD200046,2024-06-26,C43212,Monitor,4,550.14,2200.56,FREESHIP,Instagram,Debit Card
ORD200047,2023-07-19,C38134,Desk,2,209.94,419.88,FREESHIP,Email,Credit Card
ORD200048,2023-08-26,C12408,Monitor,2,80.77,161.54,No Coupon,Google,Debit Card
ORD200049,2023-10-07,C11985,Printer,1,30.44,30.44,SAVE10,Email,Credit Card
ORD200050,2023-07-31,C96494,Tablet,1,179.22,179.22,FREESHIP,Instagram,Online
ORD200051,2024-12-30,C36778,Tablet,1,388.33,388.33,SAVE10,Facebook,Cash
ORD200052,2024-09-08,C30513,Tablet,1,586.44,586.44,SAVE10,Facebook,Online
ORD200053,2024-05-18,C67551,Phone,4,488.78,1955.12,FREESHIP,Google,Online
ORD200054,2025-03-27,C48120,Chair,1,280.25,280.25,WINTER15,Email,Online
ORD200055,2025-06-24,C95984,Printer,3,344.4,1033.1999999999998,No Coupon,Facebook,Online
ORD200056,2023-05-21,C54298,Tablet,3,479.21,1437.6299999999999,WINTER15,Referral,Cash
ORD200057,2023-01-22,C88036,Printer,5,314.27,1571.35,SAVE10,Instagram,Cash
ORD200058,2023-01-15,C60190,Phone,4,474.69,1898.76,SAVE10,Google,Gift Card
ORD200059,2024-09-11,C97603,Chair,4,593.27,2373.08,No Coupon,Facebook,Online
ORD200060,2024-08-21,C39256,Desk,1,417.1,417.1,FREESHIP,Referral,Debit Card
ORD200061,2024-03-24,C61618,Desk,4,122.2,488.8,FREESHIP,Facebook,Cash
ORD200062,2023-08-22,C36497,Desk,2,43.15,86.3,WINTER15,Email,Debit Card
ORD200063,2025-02-02,C96695,Chair,1,564.86,564.86,WINTER15,Referral,Debit Card
ORD200064,2025-06-25,C49720,Printer,3,130.61,391.83000000000004,FREESHIP,Facebook,Debit Card
ORD200065,2023-12-30,C97735,Monitor,5,81.7,408.5,No Coupon,Instagram,Credit Card
ORD200066,2024-11-15,C18104,Chair,5,127.18,635.9000000000001,SAVE10,Referral,Cash
ORD200067,2024-12-09,C25587,Printer,4,12.1,48.4,No Coupon,Google,Debit Card
ORD200068,2023-12-11,C41598,Chair,3,490.92,1472.76,FREESHIP,Email,Credit Card
ORD200069,2023-05-11,C43338,Monitor,3,478.65,1435.9499999999998,No Coupon,Referral,Online
ORD200070,2023-05-26,C25123,Desk,1,629.21,629.21,FREESHIP,Instagram,Gift Card
ORD200071,2025-06-10,C37454,Monitor,3,434.45,1303.35,No Coupon,Referral,Credit Card
ORD200072,2024-12-22,C19451,Tablet,4,589.44,2357.76,No Coupon,Facebook,Gift Card
ORD200073,2023-05-03,C17269,Monitor,4,433.45,1733.8,No Coupon,Facebook,Gift Card
ORD200074,2023-06-24,C25382,Phone,5,90.87,454.35,No Coupon,Instagram,Cash
ORD200075,2023-09-26,C80651,Tablet,3,398.17,1194.51,SAVE10,Email,Debit Card
ORD200076,2024-03-31,C58638,Laptop,4,382.88,1531.52,WINTER15,Email,Cash
ORD200077,2024-05-24,C50121,Phone,1,583.18,583.18,No Coupon,Google,Credit Card
ORD200078,2024-08-06,C32029,Printer,4,175.36,701.44,FREESHIP,Instagram,Debit Card
ORD200079,2025-03-10,C76700,Tablet,2,311.91,623.82,No Coupon,Facebook,Online
ORD200080,2023-06-27,C29041,Phone,3,589.56,1768.6799999999998,No Coupon,Facebook,Online
ORD200081,2023-06-08,C29314,Monitor,2,394.3,788.6,FREESHIP,Email,Cash
ORD200082,2024-01-05,C65799,Tablet,4,565.2,2260.8,SAVE10,Google,Debit Card
ORD200083,2023-08-22,C15681,Laptop,4,540.41,2161.64,No Coupon,Referral,Credit Card
ORD200084,2023-08-28,C64160,Monitor,2,165.49,330.98,WINTER15,Instagram,Online
ORD200085,2024-09-09,C14553,Tablet,3,146.73,440.18999999999994,FREESHIP,Email,Cash
ORD200086,2024-06-19,C88205,Printer,5,643.03,3215.1499999999996,FREESHIP,Referral,Online
ORD200087,2024-10-10,C91245,Tablet,3,225.11,675.33,SAVE10,Facebook,Cash
ORD200088,2025-06-05,C75439,Desk,3,114.81,344.43,No Coupon,Google,Gift Card
ORD200089,2025-02-25,C17181,Printer,5,455.33,2276.65,FREESHIP,Google,Credit Card
ORD200090,2023-09-18,C36540,Chair,4,182.08,728.32,SAVE10,Email,Gift Card
ORD200091,2023-03-15,C98216,Laptop,5,492.75,2463.75,WINTER15,Referral,Cash
ORD200092,2024-06-10,C29568,Printer,4,48.61,194.44,FREESHIP,Facebook,Online
ORD200093,2023-01-14,C97262,Desk,4,431.01,1724.04,No Coupon,Referral,Credit Card
ORD200094,2023-02-11,C79821,Chair,1,531.18,531.18,WINTER15,Instagram,Gift Card
ORD200095,2023-03-24,C76761,Printer,4,117.51,470.04,No Coupon,Referral,Debit Card
ORD200096,2024-06-01,C93007,Phone,2,232.83,465.66,No Coupon,Instagram,Gift Card
ORD200097,2025-01-21,C15624,Tablet,5,619.52,3097.6,No Coupon,Email,Debit Card
ORD200098,2023-01-14,C70921,Printer,2,228.54,457.08,No Coupon,Email,Debit Card
ORD200099,2025-04-12,C30477,Printer,1,201.58,201.58,WINTER15,Email,Debit Card
ORD200100,2023-02-17,C74866,Phone,3,664.79,1994.37,No Coupon,Facebook,Online
ORD200101,2023-11-25,C15283,Printer,1,381.02,381.02,No Coupon,Google,Cash
ORD200102,2023-03-08,C18037,Laptop,2,70.34,140.68,FREESHIP,Email,Gift Card
ORD200103,2025-01-25,C62656,Phone,4,218.43,873.72,SAVE10,Email,Credit Card
ORD200104,2024-07-30,C65744,Phone,1,582.04,582.04,FREESHIP,Email,Gift Card
ORD200105,2024-10-24,C72290,Printer,3,185.4,556.2,No Coupon,Facebook,Gift Card
ORD200106,2023-09-08,C73514,Desk,3,465.05,1395.15,SAVE10,Email,Credit Card
ORD200107,2023-03-27,C16775,Printer,5,670.75,3353.75,FREESHIP,Instagram,Gift Card
ORD200108,2024-12-28,C33099,Laptop,5,48.38,241.9,WINTER15,Email,Gift Card
ORD200109,2023-09-17,C51157,Desk,3,592.87,1778.6100000000001,FREESHIP,Referral,Gift Card
ORD200110,2024-04-21,C74562,Tablet,1,220.77,220.77,FREESHIP,Instagram,Gift Card
ORD200111,2025-05-07,C95271,Desk,3,309.22,927.6600000000001,FREESHIP,Google,Online
ORD200112,2023-01-01,C81366,Monitor,1,410.6,410.6,WINTER15,Referral,Online
ORD200113,2024-01-17,C65905,Laptop,5,190.08,950.4000000000001,FREESHIP,Instagram,Cash
ORD200114,2025-01-27,C77272,Monitor,5,498.48,2492.4,SAVE10,Google,Online
ORD200115,2023-11-27,C32580,Phone,5,374.99,1874.95,SAVE10,Facebook,Online
ORD200116,2023-03-19,C47761,Printer,4,291.35,1165.4,WINTER15,Facebook,Credit Card
ORD200117,2023-03-08,C49187,Tablet,1,535.5,535.5,WINTER15,Referral,Gift Card
ORD200118,2023-10-09,C27898,Printer,5,502.71,2513.5499999999997,FREESHIP,Google,Gift Card
ORD200119,2025-06-11,C14683,Desk,2,534.67,1069.34,FREESHIP,Referral,Debit Card
ORD200120,2023-04-11,C58108,Tablet,4,629.34,2517.36,WINTER15,Instagram,Cash
ORD200121,2023-11-30,C89822,Desk,1,410.78,410.78,FREESHIP,Instagram,Cash
ORD200122,2024-04-15,C96787,Laptop,2,533.02,1066.04,No Coupon,Facebook,Gift Card
ORD200123,2023-07-06,C86064,Desk,3,278.04,834.1200000000001,No Coupon,Instagram,Online
ORD200124,2024-07-28,C97148,Printer,4,283.79,1135.16,No Coupon,Google,Online
ORD200125,2024-11-06,C91099,Phone,2,512.65,1025.3,SAVE10,Email,Credit Card
ORD200126,2025-05-03,C55606,Desk,4,275.5,1102.0,FREESHIP,Google,Gift Card
ORD200127,2023-08-10,C71486,Desk,3,469.32,1407.96,No Coupon,Google,Debit Card
ORD200128,2023-02-17,C86408,Tablet,4,21.07,84.28,FREESHIP,Google,Gift Card
ORD200129,2023-10-27,C52751,Laptop,4,263.93,1055.72,FREESHIP,Facebook,Debit Card
ORD200130,2025-01-22,C29059,Desk,3,501.3,1503.9,WINTER15,Facebook,Online
ORD200131,2023-01-08,C72862,Tablet,1,84.8,84.8,No Coupon,Instagram,Gift Card
ORD200132,2023-03-28,C96257,Tablet,4,450.75,1803.0,WINTER15,Email,Credit Card
ORD200133,2025-06-20,C87432,Chair,4,302.05,1208.2,SAVE10,Google,Debit Card
ORD200134,2025-06-23,C16253,Laptop,2,199.7,399.4,No Coupon,Email,Cash
ORD200135,2023-08-04,C79909,Printer,2,68.81,137.62,SAVE10,Referral,Gift Card
ORD200136,2024-04-27,C73370,Laptop,1,44.35,44.35,SAVE10,Instagram,Gift Card
ORD200137,2024-11-26,C50682,Monitor,2,250.98,501.96,No Coupon,Google,Credit Card
ORD200138,2023-12-21,C21905,Tablet,1,298.06,298.06,WINTER15,Google,Debit Card
ORD200139,2023-04-10,C61440,Phone,1,583.9,583.9,No Coupon,Email,Cash
ORD200140,2025-05-31,C33110,Chair,3,528.14,1584.42,FREESHIP,Email,Online
ORD200141,2023-11-18,C80004,Printer,3,684.14,2052.42,WINTER15,Instagram,Cash
ORD200142,2023-09-06,C86374,Desk,5,272.77,1363.85,WINTER15,Email,Cash
ORD200143,2024-06-13,C66521,Chair,4,400.07,1600.28,No Coupon,Referral,Online
ORD200144,2023-08-04,C63365,Desk,5,219.78,1098.9,No Coupon,Facebook,Credit Card
ORD200145,2024-03-02,C85929,Printer,3,146.91,440.73,FREESHIP,Google,Credit Card
ORD200146,2025-04-30,C84645,Tablet,2,411.49,822.98,No Coupon,Instagram,Credit Card
ORD200147,2025-05-06,C46316,Laptop,2,465.18,930.36,SAVE10,Google,Credit Card
ORD200148,2024-12-15,C35100,Phone,2,319.91,639.82,WINTER15,Google,Credit Card
ORD200149,2023-12-27,C39671,Laptop,1,217.56,217.56,No Coupon,Facebook,Debit Card
ORD200150,2023-12-13,C25503,Phone,2,105.57,211.14,WINTER15,Google,Debit Card
ORD200151,2023-12-01,C32960,Printer,5,444.76,2223.8,No Coupon,Email,Debit Card
ORD200152,2025-01-02,C77736,Chair,2,399.04,798.08,FREESHIP,Referral,Cash
ORD200153,2024-12-18,C71570,Chair,4,534.48,2137.92,WINTER15,Instagram,Online
ORD200154,2023-07-20,C73587,Phone,4,408.21,1632.84,No Coupon,Instagram,Credit Card
ORD200155,2023-02-27,C62740,Phone,1,424.4,424.4,WINTER15,Referral,Online
ORD200156,2024-11-08,C58808,Chair,2,269.83,539.66,SAVE10,Email,Online
ORD200157,2025-02-21,C50422,Monitor,2,564.58,1129.16,WINTER15,Facebook,Online
ORD200158,2024-05-16,C23334,Tablet,1,331.06,331.06,WINTER15,Instagram,Credit Card
ORD200159,2023-10-31,C48965,Printer,1,299.35,299.35,WINTER15,Email,Credit Card
ORD200160,2023-02-17,C38669,Monitor,4,101.32,405.28,No Coupon,Referral,Cash
ORD200161,2024-03-29,C35091,Monitor,1,211.14,211.14,SAVE10,Facebook,Credit Card
ORD200162,2023-07-27,C82313,Chair,3,65.86,197.57999999999998,WINTER15,Google,Online
ORD200163,2025-06-24,C99589,Tablet,1,641.39,641.39,No Coupon,Referral,Online
ORD200164,2023-12-28,C70566,Desk,5,536.58,2682.9,SAVE10,Google,Gift Card
ORD200165,2024-09-14,C60355,Monitor,2,500.29,1000.58,WINTER15,Google,Online
ORD200166,2025-03-04,C28889,Chair,3,86.29,258.87,WINTER15,Instagram,Cash
ORD200167,2023-05-27,C88304,Chair,2,384.14,768.28,WINTER15,Email,Online
ORD200168,2025-01-04,C49517,Printer,1,594.96,594.96,No Coupon,Facebook,Cash
ORD200169,2024-04-07,C35785,Printer,1,427.82,427.82,WINTER15,Email,Online
ORD200170,2025-04-04,C80223,Desk,4,662.94,2651.76,SAVE10,Instagram,Cash
ORD200171,2023-08-15,C20448,Tablet,2,148.22,296.44,WINTER15,Instagram,Credit Card
ORD200172,2025-04-06,C34134,Printer,1,254.12,254.12,WINTER15,Email,Online
ORD200173,2024-03-24,C95901,Phone,3,664.46,1993.38,FREESHIP,Google,Online
ORD200174,2024-04-16,C51145,Printer,4,600.81,2403.24,SAVE10,Email,Debit Card
ORD200175,2025-02-08,C78170,Chair,5,68.34,341.70000000000005,WINTER15,Referral,Debit Card
ORD200176,2025-06-28,C80151,Tablet,4,430.83,1723.32,WINTER15,Referral,Gift Card
ORD200177,2023-08-05,C55632,Chair,5,431.69,2158.45,No Coupon,Facebook,Credit Card
ORD200178,2024-04-11,C53070,Chair,4,512.06,2048.24,SAVE10,Google,Online
ORD200179,2024-11-24,C27401,Laptop,3,539.91,1619.73,No Coupon,Email,Credit Card
ORD200180,2023-03-18,C87216,Tablet,5,316.07,1580.35,No Coupon,Google,Cash
ORD200181,2024-08-31,C38966,Printer,5,404.39,2021.9499999999998,No Coupon,Referral,Online
ORD200182,2025-03-19,C16612,Desk,1,600.54,600.54,WINTER15,Google,Debit Card
ORD200183,2024-04-18,C39246,Monitor,5,186.28,931.4,SAVE10,Email,Debit Card
ORD200184,2024-04-04,C65180,Tablet,4,214.54,858.16,No Coupon,Referral,Gift Card
ORD200185,2025-02-02,C46877,Laptop,1,210.7,210.7,WINTER15,Referral,Online
ORD200186,2023-12-07,C30334,Phone,2,133.55,267.1,FREESHIP,Facebook,Cash
ORD200187,2023-02-08,C21227,Chair,1,590.87,590.87,FREESHIP,Referral,Gift Card
ORD200188,2025-03-15,C97715,Chair,2,363.91,727.82,FREESHIP,Referral,Gift Card
ORD200189,2023-07-05,C48939,Printer,5,429.45,2147.25,WINTER15,Email,Gift Card
ORD200190,2024-08-31,C35483,Printer,3,223.7,671.0999999999999,SAVE10,Email,Cash
ORD200191,2025-03-08,C51494,Laptop,2,488.87,977.74,FREESHIP,Google,Online
ORD200192,2023-08-11,C58410,Desk,1,645.46,645.46,SAVE10,Google,Gift Card
ORD200193,2023-07-21,C11644,Printer,1,46.66,46.66,No Coupon,Google,Cash
ORD200194,2024-06-08,C53501,Monitor,1,249.57,249.57,FREESHIP,Google,Cash
ORD200195,2024-04-22,C63619,Chair,3,619.21,1857.63,No Coupon,Email,Debit Card
ORD200196,2025-01-24,C40882,Desk,4,217.13,868.52,WINTER15,Email,Cash
ORD200197,2023-08-27,C80135,Laptop,5,221.51,1107.55,WINTER15,Referral,Cash
ORD200198,2024-06-11,C37594,Laptop,4,340.3,1361.2,SAVE10,Referral,Cash
ORD200199,2025-01-23,C87524,Phone,1,625.0,625.0,WINTER15,Google,Online
ORD200200,2025-06-07,C97681,Tablet,5,433.26,2166.3,SAVE10,Google,Credit Card
ORD200201,2023-06-18,C10126,Monitor,2,674.9,1349.8,SAVE10,Facebook,Online
ORD200202,2025-02-06,C36938,Monitor,3,253.98,761.9399999999999,FREESHIP,Email,Credit Card
ORD200203,2025-01-21,C99173,Printer,3,356.84,1070.52,SAVE10,Instagram,Online
ORD200204,2023-09-05,C99775,Laptop,4,413.71,1654.84,FREESHIP,Facebook,Gift Card
ORD200205,2023-03-04,C19266,Desk,3,147.39,442.16999999999996,No Coupon,Email,Debit Card
ORD200206,2024-04-16,C31072,Laptop,4,229.1,916.4,WINTER15,Email,Gift Card
ORD200207,2025-03-18,C54595,Phone,1,121.96,121.96,No Coupon,Google,Debit Card
ORD200208,2024-10-08,C87777,Desk,2,408.32,816.64,FREESHIP,Facebook,Online
ORD200209,2023-08-29,C35854,Tablet,5,187.97,939.85,SAVE10,Google,Cash
ORD200210,2024-12-05,C93821,Chair,3,358.48,1075.44,FREESHIP,Facebook,Gift Card
ORD200211,2025-01-03,C54390,Printer,3,193.58,580.74,FREESHIP,Email,Gift Card
ORD200212,2023-06-20,C53215,Monitor,1,265.38,265.38,WINTER15,Email,Credit Card
ORD200213,2023-04-20,C71122,Laptop,1,634.4,634.4,SAVE10,Email,Cash
ORD200214,2024-08-21,C29483,Desk,4,305.72,1222.88,No Coupon,Facebook,Online
ORD200215,2023-08-10,C26767,Printer,1,303.6,303.6,FREESHIP,Facebook,Cash
ORD200216,2025-04-15,C70492,Monitor,4,496.0,1984.0,WINTER15,Google,Online
ORD200217,2024-05-20,C61549,Desk,4,321.51,1286.04,No Coupon,Google,Cash
ORD200218,2023-04-28,C11665,Tablet,3,112.46,337.38,SAVE10,Instagram,Gift Card
ORD200219,2025-05-02,C48946,Laptop,5,61.97,309.85,SAVE10,Email,Cash
ORD200220,2023-07-18,C79506,Laptop,2,373.17,746.34,SAVE10,Referral,Credit Card
ORD200221,2024-02-23,C93473,Tablet,5,639.37,3196.85,SAVE10,Google,Debit Card
ORD200222,2023-05-04,C43124,Chair,4,693.36,2773.44,No Coupon,Instagram,Online
ORD200223,2024-09-11,C22783,Phone,4,692.91,2771.64,SAVE10,Instagram,Credit Card
ORD200224,2023-09-23,C18567,Printer,4,91.46,365.84,SAVE10,Referral,Cash
ORD200225,2024-03-13,C99879,Phone,3,273.96,821.8799999999999,SAVE10,Google,Debit Card
ORD200226,2025-06-27,C31501,Desk,3,588.05,1764.1499999999999,No Coupon,Instagram,Gift Card
ORD200227,2023-11-02,C93220,Monitor,2,365.17,730.34,FREESHIP,Facebook,Online
ORD200228,2023-05-17,C57867,Chair,4,385.92,1543.68,No Coupon,Instagram,Credit Card
ORD200229,2025-03-28,C62622,Tablet,1,562.61,562.61,WINTER15,Facebook,Credit Card
ORD200230,2023-12-16,C94595,Desk,4,61.91,247.64,WINTER15,Email,Gift Card
ORD200231,2023-11-05,C30955,Phone,4,41.9,167.6,FREESHIP,Instagram,Gift Card
ORD200232,2023-05-19,C20731,Printer,4,444.44,1777.76,WINTER15,Google,Debit Card
ORD200233,2024-08-24,C30168,Phone,3,311.33,933.99,WINTER15,Instagram,Cash
ORD200234,2024-11-26,C79842,Printer,4,236.41,945.64,SAVE10,Google,Debit Card
ORD200235,2023-02-20,C32854,Desk,1,65.45,65.45,WINTER15,Google,Cash
ORD200236,2023-01-01,C14847,Monitor,1,318.81,318.81,WINTER15,Email,Debit Card
ORD200237,2024-03-14,C88645,Monitor,3,583.72,1751.16,FREESHIP,Facebook,Credit Card
ORD200238,2024-12-13,C66149,Desk,4,384.32,1537.28,WINTER15,Google,Credit Card
ORD200239,2024-12-11,C20256,Tablet,3,538.74,1616.22,FREESHIP,Email,Online
ORD200240,2023-07-12,C14983,Tablet,1,17.24,17.24,FREESHIP,Instagram,Online
ORD200241,2023-05-16,C20817,Chair,5,615.67,3078.35,SAVE10,Email,Online
ORD200242,2023-05-09,C94921,Printer,2,219.1,438.2,SAVE10,Referral,Online
ORD200243,2025-05-09,C54725,Chair,2,144.66,289.32,FREESHIP,Google,Online
ORD200244,2023-02-16,C98096,Desk,2,317.77,635.54,WINTER15,Facebook,Debit Card
ORD200245,2025-04-20,C12667,Laptop,1,223.3,223.3,No Coupon,Facebook,Online
ORD200246,2024-08-30,C55354,Desk,2,342.11,684.22,WINTER15,Instagram,Gift Card
ORD200247,2023-07-20,C14600,Printer,2,220.9,441.8,No Coupon,Email,Gift Card
ORD200248,2023-07-02,C97187,Laptop,1,670.54,670.54,FREESHIP,Referral,Cash
ORD200249,2024-02-07,C39106,Printer,1,546.19,546.19,FREESHIP,Referral,Cash
ORD200250,2023-04-05,C93379,Desk,3,42.95,128.85000000000002,SAVE10,Email,Gift Card
ORD200251,2025-05-15,C93175,Monitor,4,14.69,58.76,No Coupon,Email,Cash
ORD200252,2024-09-20,C19648,Phone,4,668.36,2673.44,FREESHIP,Facebook,Gift Card
ORD200253,2024-03-23,C14891,Chair,4,413.74,1654.96,FREESHIP,Instagram,Gift Card
ORD200254,2023-12-26,C10866,Monitor,3,263.19,789.5699999999999,No Coupon,Instagram,Online
ORD200255,2024-05-13,C47283,Monitor,1,263.96,263.96,SAVE10,Google,Gift Card
ORD200256,2025-06-30,C94323,Chair,5,75.81,379.05,WINTER15,Instagram,Gift Card
ORD200257,2024-04-23,C89732,Phone,1,406.22,406.22,SAVE10,Referral,Credit Card
ORD200258,2024-02-26,C87764,Tablet,2,103.41,206.82,FREESHIP,Referral,Online
ORD200259,2023-06-11,C20977,Chair,4,435.12,1740.48,SAVE10,Instagram,Credit Card
ORD200260,2023-05-17,C12245,Monitor,2,407.79,815.58,No Coupon,Google,Debit Card
ORD200261,2025-05-28,C68976,Phone,5,173.65,868.25,SAVE10,Email,Gift Card
ORD200262,2023-01-10,C69476,Phone,4,249.07,996.28,WINTER15,Referral,Credit Card
ORD200263,2023-03-25,C71040,Phone,4,434.85,1739.4,WINTER15,Google,Credit Card
ORD200264,2024-08-03,C71035,Tablet,1,436.77,436.77,FREESHIP,Google,Cash
ORD200265,2023-12-22,C20752,Printer,1,572.13,572.13,SAVE10,Google,Debit Card
ORD200266,2024-06-08,C38840,Chair,4,583.07,2332.28,FREESHIP,Referral,Credit Card
ORD200267,2025-04-17,C84480,Chair,5,468.51,2342.55,No Coupon,Facebook,Debit Card
ORD200268,2023-08-11,C37032,Phone,2,423.88,847.76,SAVE10,Referral,Debit Card
ORD200269,2023-11-25,C48942,Tablet,4,663.67,2654.68,FREESHIP,Google,Credit Card
ORD200270,2023-06-04,C13540,Printer,4,309.91,1239.64,WINTER15,Google,Debit Card
ORD200271,2023-03-28,C59572,Monitor,1,542.07,542.07,WINTER15,Referral,Cash
ORD200272,2023-09-19,C29758,Chair,2,399.32,798.64,WINTER15,Instagram,Online
ORD200273,2024-10-27,C11849,Tablet,2,238.25,476.5,FREESHIP,Email,Online
ORD200274,2023-02-04,C50967,Phone,2,182.4,364.8,SAVE10,Referral,Gift Card
ORD200275,2023-11-04,C80735,Chair,2,65.07,130.14,SAVE10,Google,Credit Card
ORD200276,2025-03-29,C99050,Printer,2,600.57,1201.14,WINTER15,Instagram,Debit Card
ORD200277,2024-09-09,C11210,Chair,5,90.92,454.6,SAVE10,Facebook,Credit Card
ORD200278,2024-11-18,C46015,Laptop,5,362.46,1812.3,FREESHIP,Instagram,Cash
ORD200279,2023-10-20,C69167,Chair,3,55.01,165.03,WINTER15,Email,Online
ORD200280,2023-03-27,C55388,Tablet,3,404.62,1213.8600000000001,FREESHIP,Instagram,Gift Card
ORD200281,2023-07-27,C87181,Desk,4,654.79,2619.16,No Coupon,Referral,Cash
ORD200282,2025-04-22,C30411,Printer,4,637.79,2551.16,FREESHIP,Google,Gift Card
ORD200283,2025-02-28,C39638,Laptop,4,540.33,2161.32,No Coupon,Google,Cash
ORD200284,2023-02-16,C27203,Laptop,5,208.17,1040.85,SAVE10,Facebook,Credit Card
ORD200285,2025-06-10,C67583,Phone,1,338.31,338.31,No Coupon,Google,Online
ORD200286,2025-04-07,C70554,Monitor,3,139.45,418.34999999999997,WINTER15,Google,Gift Card
ORD200287,2023-11-24,C70437,Chair,4,655.18,2620.72,No Coupon,Facebook,Online
ORD200288,2023-03-12,C97643,Laptop,4,512.75,2051.0,WINTER15,Google,Debit Card
ORD200289,2023-07-26,C17136,Chair,4,160.49,641.96,WINTER15,Referral,Credit Card
ORD200290,2023-05-05,C24901,Chair,3,99.9,299.70000000000005,FREESHIP,Facebook,Cash
ORD200291,2024-05-12,C61521,Phone,2,345.01,690.02,FREESHIP,Google,Credit Card
ORD200292,2025-01-15,C39639,Monitor,1,65.95,65.95,No Coupon,Facebook,Credit Card
ORD200293,2023-02-16,C33220,Tablet,4,463.04,1852.16,No Coupon,Instagram,Gift Card
ORD200294,2025-04-01,C65414,Phone,2,297.71,595.42,SAVE10,Referral,Online
ORD200295,2023-01-25,C49009,Printer,5,107.48,537.4,FREESHIP,Email,Debit Card
ORD200296,2024-06-19,C48453,Desk,5,638.8,3194.0,WINTER15,Referral,Debit Card
ORD200297,2023-02-22,C68078,Desk,2,493.88,987.76,SAVE10,Instagram,Credit Card
ORD200298,2023-12-19,C19402,Printer,4,301.17,1204.68,No Coupon,Email,Online
ORD200299,2024-01-20,C30711,Monitor,1,278.66,278.66,FREESHIP,Instagram,Gift Card
ORD200300,2024-09-02,C39000,Phone,1,287.46,287.46,FREESHIP,Facebook,Debit Card
ORD200301,2023-05-11,C31105,Chair,1,583.99,583.99,SAVE10,Email,Cash
ORD200302,2023-05-16,C29432,Chair,3,468.74,1406.22,FREESHIP,Instagram,Cash
ORD200303,2024-12-07,C48531,Tablet,1,30.54,30.54,No Coupon,Google,Debit Card
ORD200304,2024-10-18,C86762,Monitor,5,408.73,2043.65,FREESHIP,Instagram,Gift Card
ORD200305,2023-11-25,C63822,Laptop,4,126.89,507.56,FREESHIP,Instagram,Cash
ORD200306,2024-06-07,C70495,Printer,2,57.07,114.14,SAVE10,Instagram,Debit Card
ORD200307,2023-07-01,C92407,Laptop,3,557.41,1672.23,No Coupon,Email,Online
ORD200308,2023-12-11,C75888,Printer,3,448.9,1346.6999999999998,SAVE10,Instagram,Debit Card
ORD200309,2023-10-03,C63153,Chair,4,549.76,2199.04,FREESHIP,Facebook,Debit Card
ORD200310,2024-02-24,C85863,Printer,3,132.48,397.43999999999994,No Coupon,Referral,Online
ORD200311,2025-05-17,C71698,Desk,5,489.37,2446.85,No Coupon,Instagram,Online
ORD200312,2025-05-24,C35397,Printer,5,66.31,331.55,FREESHIP,Referral,Gift Card
ORD200313,2023-07-09,C67687,Chair,2,434.3,868.6,SAVE10,Instagram,Cash
ORD200314,2023-10-04,C29931,Desk,4,153.09,612.36,FREESHIP,Referral,Online
ORD200315,2025-05-12,C59139,Tablet,5,91.67,458.35,FREESHIP,Email,Online
ORD200316,2023-10-02,C66078,Desk,4,275.28,1101.12,WINTER15,Facebook,Gift Card
ORD200317,2023-04-10,C88370,Monitor,2,139.95,279.9,No Coupon,Instagram,Online
ORD200318,2024-07-27,C93375,Chair,3,148.72,446.15999999999997,SAVE10,Google,Debit Card
ORD200319,2023-12-02,C53049,Laptop,2,563.06,1126.12,No Coupon,Instagram,Cash
ORD200320,2024-12-19,C55590,Printer,1,625.51,625.51,FREESHIP,Facebook,Credit Card
ORD200321,2023-08-09,C47086,Phone,4,152.29,609.16,WINTER15,Google,Debit Card
ORD200322,2024-06-14,C48646,Phone,5,231.82,1159.1,SAVE10,Facebook,Debit Card
ORD200323,2025-01-26,C29416,Laptop,1,150.17,150.17,SAVE10,Referral,Debit Card
ORD200324,2024-06-13,C13525,Tablet,3,70.93,212.79000000000002,No Coupon,Referral,Debit Card
ORD200325,2023-06-29,C53545,Desk,3,361.39,1084.17,No Coupon,Referral,Credit Card
ORD200326,2024-07-01,C65986,Laptop,5,670.48,3352.4,SAVE10,Facebook,Gift Card
ORD200327,2023-07-25,C17302,Phone,1,359.99,359.99,SAVE10,Email,Gift Card
ORD200328,2023-02-28,C18404,Tablet,5,674.04,3370.2,SAVE10,Google,Online
ORD200329,2024-12-25,C88371,Chair,4,283.16,1132.64,No Coupon,Google,Credit Card
ORD200330,2024-06-02,C38068,Desk,5,260.53,1302.6499999999999,SAVE10,Instagram,Gift Card
ORD200331,2023-04-15,C78724,Printer,3,422.13,1266.3899999999999,SAVE10,Facebook,Online
ORD200332,2024-07-03,C26163,Desk,5,125.02,625.1,SAVE10,Google,Debit Card
ORD200333,2024-04-16,C87124,Phone,1,198.51,198.51,WINTER15,Instagram,Credit Card
ORD200334,2024-03-26,C90348,Chair,4,224.75,899.0,WINTER15,Facebook,Online
ORD200335,2025-03-03,C58721,Tablet,3,205.86,617.58,No Coupon,Email,Gift Card
ORD200336,2023-12-29,C88174,Laptop,1,18.2,18.2,SAVE10,Instagram,Debit Card
ORD200337,2023-05-29,C77763,Tablet,3,502.77,1508.31,WINTER15,Email,Debit Card
ORD200338,2023-11-08,C53627,Phone,5,305.49,1527.45,No Coupon,Referral,Debit Card
ORD200339,2024-04-10,C84563,Printer,2,236.33,472.66,SAVE10,Instagram,Online
ORD200340,2023-04-23,C76207,Laptop,5,521.25,2606.25,No Coupon,Email,Cash
ORD200341,2024-09-23,C94671,Tablet,1,167.15,167.15,WINTER15,Email,Gift Card
ORD200342,2025-06-24,C69994,Monitor,5,466.42,2332.1,No Coupon,Referral,Gift Card
ORD200343,2023-02-26,C64638,Printer,1,527.57,527.57,FREESHIP,Facebook,Debit Card
ORD200344,2025-03-06,C95623,Tablet,3,623.34,1870.02,SAVE10,Instagram,Online
ORD200345,2023-12-07,C24751,Tablet,5,501.26,2506.3,FREESHIP,Referral,Gift Card
ORD200346,2024-12-06,C31764,Tablet,1,655.09,655.09,No Coupon,Referral,Cash
ORD200347,2024-02-03,C83556,Printer,4,264.79,1059.16,SAVE10,Google,Credit Card
ORD200348,2024-03-13,C24369,Laptop,3,359.73,1079.19,FREESHIP,Email,Debit Card
ORD200349,2023-11-30,C39648,Chair,1,465.33,465.33,FREESHIP,Google,Gift Card
ORD200350,2023-06-03,C13296,Chair,2,54.41,108.82,No Coupon,Instagram,Online
ORD200351,2025-02-15,C94248,Laptop,1,64.66,64.66,No Coupon,Instagram,Debit Card
ORD200352,2023-08-31,C26637,Chair,5,173.96,869.8000000000001,WINTER15,Instagram,Debit Card
ORD200353,2025-03-28,C16012,Tablet,1,630.82,630.82,FREESHIP,Google,Online
ORD200354,2023-07-11,C31772,Phone,1,693.41,693.41,No Coupon,Instagram,Debit Card
ORD200355,2025-06-03,C18353,Tablet,3,433.33,1299.99,FREESHIP,Referral,Credit Card
ORD200356,2023-05-06,C26966,Printer,5,374.58,1872.8999999999999,FREESHIP,Instagram,Gift Card
ORD200357,2023-07-08,C74982,Laptop,5,408.56,2042.8,FREESHIP,Instagram,Debit Card
ORD200358,2024-04-07,C70633,Tablet,2,183.67,367.34,SAVE10,Google,Online
ORD200359,2023-06-09,C95643,Desk,4,606.57,2426.28,WINTER15,Referral,Debit Card
ORD200360,2024-06-06,C53810,Phone,4,589.57,2358.28,No Coupon,Instagram,Cash
ORD200361,2024-06-29,C53464,Printer,5,659.85,3299.25,SAVE10,Facebook,Credit Card
ORD200362,2023-06-27,C53697,Monitor,4,206.84,827.36,WINTER15,Instagram,Cash
ORD200363,2024-05-24,C31668,Laptop,5,113.87,569.35,SAVE10,Email,Credit Card
ORD200364,2023-11-24,C85282,Phone,5,628.74,3143.7,FREESHIP,Facebook,Cash
ORD200365,2025-02-14,C56796,Phone,1,678.38,678.38,SAVE10,Referral,Credit Card
ORD200366,2023-02-10,C95213,Printer,3,602.24,1806.72,No Coupon,Referral,Debit Card
ORD200367,2024-04-25,C13108,Laptop,5,658.77,3293.85,FREESHIP,Instagram,Gift Card
ORD200368,2023-05-01,C85322,Monitor,3,271.02,813.06,No Coupon,Google,Credit Card
ORD200369,2024-12-22,C43545,Monitor,5,375.25,1876.25,SAVE10,Email,Gift Card
ORD200370,2025-05-03,C80649,Phone,1,312.11,312.11,WINTER15,Facebook,Online
ORD200371,2023-01-05,C59752,Phone,5,307.76,1538.8,FREESHIP,Google,Gift Card
ORD200372,2025-02-14,C53645,Chair,3,483.53,1450.59,No Coupon,Referral,Cash
ORD200373,2023-01-02,C60178,Laptop,3,341.15,1023.4499999999999,FREESHIP,Instagram,Cash
ORD200374,2024-09-16,C20286,Monitor,1,571.9,571.9,WINTER15,Instagram,Gift Card
ORD200375,2025-01-16,C87547,Monitor,4,95.03,380.12,FREESHIP,Facebook,Online
ORD200376,2023-08-24,C64549,Monitor,5,201.22,1006.1,FREESHIP,Facebook,Debit Card
ORD200377,2024-07-22,C24884,Monitor,1,260.26,260.26,WINTER15,Instagram,Online
ORD200378,2024-02-01,C62666,Chair,5,64.5,322.5,WINTER15,Instagram,Credit Card
ORD200379,2024-09-21,C47284,Phone,3,297.67,893.01,No Coupon,Google,Online
ORD200380,2024-04-20,C35355,Printer,4,331.9,1327.6,SAVE10,Instagram,Cash
ORD200381,2023-06-07,C29467,Chair,1,191.76,191.76,FREESHIP,Instagram,Credit Card
ORD200382,2025-01-30,C26718,Printer,4,263.09,1052.36,SAVE10,Google,Debit Card
ORD200383,2023-01-20,C18944,Chair,4,393.8,1575.2,SAVE10,Email,Credit Card
ORD200384,2024-11-24,C35628,Chair,3,553.57,1660.71,FREESHIP,Facebook,Credit Card
ORD200385,2023-10-31,C56851,Chair,5,191.63,958.15,FREESHIP,Facebook,Gift Card
ORD200386,2023-04-28,C12421,Tablet,1,93.02,93.02,No Coupon,Email,Online
ORD200387,2024-06-27,C25316,Printer,2,39.53,79.06,WINTER15,Google,Credit Card
ORD200388,2023-12-28,C22657,Printer,3,633.97,1901.91,WINTER15,Facebook,Cash
ORD200389,2023-12-17,C29703,Desk,4,697.5,2790.0,FREESHIP,Referral,Cash
ORD200390,2023-07-14,C55996,Printer,5,508.69,2543.45,FREESHIP,Google,Cash
ORD200391,2025-01-16,C60037,Laptop,2,527.46,1054.92,FREESHIP,Referral,Debit Card
ORD200392,2024-02-28,C95100,Phone,1,627.2,627.2,WINTER15,Email,Online
ORD200393,2024-07-14,C39906,Printer,1,75.01,75.01,No Coupon,Google,Credit Card
ORD200394,2023-07-05,C70148,Desk,5,529.55,2647.75,No Coupon,Facebook,Gift Card
ORD200395,2025-04-25,C30010,Phone,3,127.41,382.23,SAVE10,Referral,Gift Card
ORD200396,2023-12-01,C99217,Tablet,5,287.13,1435.65,SAVE10,Email,Online
ORD200397,2023-09-28,C30184,Monitor,1,427.06,427.06,WINTER15,Referral,Online
ORD200398,2024-09-04,C50275,Phone,5,53.93,269.65,SAVE10,Instagram,Gift Card
ORD200399,2024-01-07,C64641,Tablet,5,423.93,2119.65,FREESHIP,Facebook,Debit Card
ORD200400,2024-09-28,C56266,Desk,4,160.22,640.88,WINTER15,Instagram,Debit Card
ORD200401,2025-04-09,C98635,Printer,1,538.68,538.68,No Coupon,Referral,Debit Card
ORD200402,2023-04-09,C83026,Printer,5,337.38,1686.9,No Coupon,Referral,Gift Card
ORD200403,2024-11-10,C28893,Tablet,1,620.21,620.21,FREESHIP,Referral,Online
ORD200404,2023-03-09,C45482,Monitor,2,99.1,198.2,No Coupon,Instagram,Cash
ORD200405,2025-01-26,C97774,Monitor,4,451.97,1807.88,WINTER15,Email,Online
ORD200406,2023-12-10,C11657,Tablet,4,66.1,264.4,WINTER15,Google,Cash
ORD200407,2023-08-13,C85993,Tablet,4,547.32,2189.28,FREESHIP,Instagram,Cash
ORD200408,2025-01-01,C11906,Printer,3,412.53,1237.59,WINTER15,Google,Online
ORD200409,2023-06-28,C45187,Desk,5,84.13,420.65,SAVE10,Google,Online
ORD200410,2024-01-18,C37375,Tablet,2,518.23,1036.46,No Coupon,Email,Debit Card
ORD200411,2024-06-19,C66567,Desk,2,39.51,79.02,No Coupon,Facebook,Online
ORD200412,2025-04-11,C42451,Tablet,5,133.01,665.05,No Coupon,Facebook,Credit Card
ORD200413,2023-10-08,C13923,Tablet,1,118.8,118.8,SAVE10,Email,Online
ORD200414,2025-05-04,C11829,Desk,2,139.57,279.14,WINTER15,Facebook,Cash
ORD200415,2025-04-06,C62169,Chair,1,184.15,184.15,FREESHIP,Facebook,Gift Card
ORD200416,2023-07-18,C20881,Laptop,2,644.05,1288.1,WINTER15,Referral,Gift Card
ORD200417,2023-10-24,C44492,Laptop,5,55.41,277.04999999999995,No Coupon,Google,Online
ORD200418,2023-01-11,C74169,Printer,1,310.93,310.93,No Coupon,Facebook,Online
ORD200419,2024-04-17,C70999,Tablet,2,216.66,433.32,FREESHIP,Instagram,Debit Card
ORD200420,2024-11-29,C11921,Phone,1,452.7,452.7,FREESHIP,Instagram,Debit Card
ORD200421,2023-10-15,C50683,Chair,2,288.21,576.42,No Coupon,Email,Debit Card
ORD200422,2023-06-05,C76140,Phone,4,206.6,826.4,WINTER15,Referral,Gift Card
ORD200423,2024-07-20,C94311,Printer,4,685.2,2740.8,WINTER15,Google,Gift Card
ORD200424,2023-04-12,C49491,Chair,5,22.94,114.7,No Coupon,Email,Cash
ORD200425,2023-03-09,C40648,Laptop,2,301.88,603.76,WINTER15,Email,Gift Card
ORD200426,2025-03-16,C40967,Monitor,5,57.45,287.25,No Coupon,Facebook,Cash
ORD200427,2024-12-18,C25406,Desk,1,161.24,161.24,WINTER15,Instagram,Credit Card
ORD200428,2024-11-26,C77085,Chair,4,262.58,1050.32,WINTER15,Email,Online
ORD200429,2024-12-19,C38126,Printer,4,515.19,2060.76,SAVE10,Facebook,Credit Card
ORD200430,2023-06-07,C87448,Phone,1,450.07,450.07,FREESHIP,Google,Gift Card
ORD200431,2024-10-06,C62312,Printer,1,52.54,52.54,WINTER15,Facebook,Debit Card
ORD200432,2023-09-04,C58443,Tablet,2,424.32,848.64,No Coupon,Referral,Credit Card
ORD200433,2023-08-26,C36613,Monitor,3,631.64,1894.92,FREESHIP,Facebook,Credit Card
ORD200434,2023-10-22,C73893,Printer,5,327.68,1638.4,No Coupon,Facebook,Credit Card
ORD200435,2023-05-27,C48601,Printer,1,414.47,414.47,FREESHIP,Instagram,Debit Card
ORD200436,2023-02-11,C14568,Laptop,4,221.33,885.32,No Coupon,Google,Online
ORD200437,2024-04-18,C63378,Phone,1,512.39,512.39,FREESHIP,Instagram,Online
ORD200438,2025-01-03,C77800,Tablet,3,459.34,1378.02,SAVE10,Instagram,Gift Card
ORD200439,2024-09-08,C91155,Tablet,1,146.32,146.32,WINTER15,Facebook,Online
ORD200440,2024-11-05,C60215,Desk,4,83.6,334.4,SAVE10,Facebook,Debit Card
ORD200441,2023-12-13,C52915,Printer,2,328.54,657.08,FREESHIP,Email,Gift Card
ORD200442,2024-05-06,C72588,Chair,5,314.94,1574.7,SAVE10,Instagram,Cash
ORD200443,2024-05-14,C61668,Chair,2,69.64,139.28,No Coupon,Facebook,Cash
ORD200444,2024-06-08,C79508,Printer,1,135.17,135.17,FREESHIP,Instagram,Online
ORD200445,2024-03-23,C94569,Phone,1,487.21,487.21,SAVE10,Referral,Cash
ORD200446,2023-10-18,C89592,Laptop,5,509.58,2547.9,FREESHIP,Instagram,Online
ORD200447,2024-04-07,C48207,Printer,2,416.81,833.62,No Coupon,Facebook,Cash
ORD200448,2023-09-04,C16776,Laptop,2,160.0,320.0,SAVE10,Instagram,Cash
ORD200449,2024-08-26,C91518,Tablet,3,253.05,759.1500000000001,No Coupon,Instagram,Online
ORD200450,2024-01-15,C36408,Monitor,5,615.1,3075.5,WINTER15,Instagram,Gift Card
ORD200451,2023-04-01,C14837,Monitor,1,183.18,183.18,SAVE10,Email,Debit Card
ORD200452,2023-07-23,C36467,Printer,1,75.78,75.78,SAVE10,Google,Cash
ORD200453,2025-05-02,C15017,Tablet,1,675.57,675.57,WINTER15,Facebook,Cash
ORD200454,2024-11-27,C54759,Laptop,1,109.29,109.29,FREESHIP,Google,Debit Card
ORD200455,2024-03-26,C58341,Phone,1,639.83,639.83,SAVE10,Referral,Debit Card
ORD200456,2023-06-26,C94479,Desk,5,62.81,314.05,SAVE10,Facebook,Credit Card
ORD200457,2025-05-25,C50236,Desk,4,615.83,2463.32,WINTER15,Instagram,Online
ORD200458,2024-07-02,C31412,Monitor,4,510.58,2042.32,WINTER15,Email,Credit Card
ORD200459,2024-07-24,C90142,Desk,1,334.39,334.39,No Coupon,Instagram,Credit Card
ORD200460,2024-10-06,C83548,Laptop,1,144.25,144.25,WINTER15,Referral,Cash
ORD200461,2024-06-08,C29697,Tablet,1,401.82,401.82,FREESHIP,Google,Credit Card
ORD200462,2025-03-31,C22991,Phone,1,252.68,252.68,No Coupon,Referral,Online
ORD200463,2023-05-26,C25276,Laptop,5,662.78,3313.8999999999996,SAVE10,Instagram,Debit Card
ORD200464,2023-03-14,C39176,Tablet,4,434.42,1737.68,FREESHIP,Google,Online
ORD200465,2024-02-26,C58773,Printer,5,513.49,2567.45,No Coupon,Google,Gift Card
ORD200466,2023-07-18,C37412,Phone,1,432.47,432.47,FREESHIP,Referral,Cash
ORD200467,2024-08-30,C36492,Desk,1,45.94,45.94,WINTER15,Email,Cash
ORD200468,2025-06-21,C90110,Phone,1,418.36,418.36,FREESHIP,Email,Credit Card
ORD200469,2023-11-26,C13877,Chair,5,676.98,3384.9,No Coupon,Facebook,Cash
ORD200470,2023-09-29,C25149,Tablet,4,263.62,1054.48,SAVE10,Email,Cash
ORD200471,2025-04-19,C52717,Desk,5,551.27,2756.35,FREESHIP,Referral,Online
ORD200472,2023-01-06,C60029,Chair,3,508.12,1524.3600000000001,FREESHIP,Referral,Credit Card
ORD200473,2025-02-25,C28552,Chair,2,14.93,29.86,No Coupon,Facebook,Online
ORD200474,2023-11-15,C72293,Printer,3,229.34,688.02,SAVE10,Referral,Credit Card
ORD200475,2025-04-19,C29844,Tablet,2,438.62,877.24,SAVE10,Facebook,Cash
ORD200476,2024-01-15,C77872,Phone,2,513.59,1027.18,FREESHIP,Referral,Online
ORD200477,2025-03-05,C56564,Phone,2,253.74,507.48,SAVE10,Google,Online
ORD200478,2024-11-01,C16758,Tablet,3,62.77,188.31,FREESHIP,Referral,Gift Card
ORD200479,2023-02-18,C87011,Monitor,4,25.29,101.16,No Coupon,Google,Credit Card
ORD200480,2023-06-16,C21147,Chair,1,335.1,335.1,FREESHIP,Referral,Debit Card
ORD200481,2023-04-23,C94568,Laptop,4,484.85,1939.4,WINTER15,Referral,Debit Card
ORD200482,2025-03-02,C35852,Monitor,3,381.41,1144.23,No Coupon,Instagram,Online
ORD200483,2023-01-18,C66462,Phone,5,347.92,1739.6000000000001,WINTER15,Google,Cash
ORD200484,2024-05-29,C29092,Chair,4,15.01,60.04,No Coupon,Facebook,Cash
ORD200485,2023-08-01,C46651,Chair,3,404.79,1214.3700000000001,SAVE10,Instagram,Cash
ORD200486,2023-02-03,C88981,Printer,4,611.26,2445.04,SAVE10,Referral,Cash
ORD200487,2023-03-09,C40136,Printer,3,346.52,1039.56,SAVE10,Google,Credit Card
ORD200488,2024-12-05,C81573,Chair,1,36.65,36.65,WINTER15,Email,Online
ORD200489,2023-09-05,C11940,Tablet,3,149.34,448.02,WINTER15,Email,Gift Card
ORD200490,2024-07-22,C50097,Chair,5,467.81,2339.05,No Coupon,Facebook,Online
ORD200491,2023-01-05,C98168,Phone,5,420.7,2103.5,WINTER15,Facebook,Cash
ORD200492,2023-10-25,C39074,Laptop,5,606.52,3032.6,SAVE10,Instagram,Debit Card
ORD200493,2025-01-28,C84908,Phone,1,420.26,420.26,FREESHIP,Facebook,Credit Card
ORD200494,2023-07-19,C64516,Laptop,3,505.79,1517.3700000000001,FREESHIP,Referral,Debit Card
ORD200495,2025-06-05,C63827,Phone,4,493.73,1974.92,SAVE10,Facebook,Debit Card
ORD200496,2025-03-14,C93618,Printer,3,201.21,603.63,SAVE10,Google,Online
ORD200497,2024-10-24,C93948,Printer,3,112.29,336.87,No Coupon,Google,Gift Card
ORD200498,2023-07-12,C73961,Tablet,4,132.56,530.24,WINTER15,Instagram,Cash
ORD200499,2023-04-06,C18138,Printer,3,539.46,1618.38,SAVE10,Facebook,Credit Card
ORD200500,2024-04-07,C79475,Laptop,5,508.59,2542.95,WINTER15,Facebook,Cash
ORD200501,2024-02-04,C88546,Desk,4,203.46,813.84,SAVE10,Referral,Credit Card
ORD200502,2023-05-20,C69332,Monitor,3,565.25,1695.75,SAVE10,Email,Debit Card
ORD200503,2023-08-31,C64554,Tablet,3,136.84,410.52,FREESHIP,Facebook,Online
ORD200504,2025-06-11,C11676,Monitor,2,464.5,929.0,WINTER15,Instagram,Online
ORD200505,2023-06-11,C36014,Printer,2,434.97,869.94,No Coupon,Email,Online
ORD200506,2023-07-25,C23279,Monitor,2,43.67,87.34,WINTER15,Instagram,Cash
ORD200507,2023-07-05,C86481,Phone,1,171.59,171.59,WINTER15,Email,Credit Card
ORD200508,2025-05-14,C39550,Phone,1,558.27,558.27,No Coupon,Referral,Online
ORD200509,2023-02-15,C68937,Laptop,2,425.03,850.06,WINTER15,Google,Cash
ORD200510,2024-12-16,C72533,Printer,1,376.76,376.76,SAVE10,Email,Debit Card
ORD200511,2024-03-15,C11415,Monitor,5,575.24,2876.2,WINTER15,Email,Cash
ORD200512,2024-09-27,C14114,Desk,3,568.02,1704.06,FREESHIP,Instagram,Online
ORD200513,2025-02-09,C64128,Tablet,3,94.88,284.64,No Coupon,Referral,Gift Card
ORD200514,2023-04-16,C15629,Printer,3,304.15,912.4499999999999,WINTER15,Instagram,Gift Card
ORD200515,2023-03-14,C67561,Phone,3,553.52,1660.56,FREESHIP,Facebook,Gift Card
ORD200516,2024-04-07,C47022,Monitor,3,166.99,500.97,No Coupon,Facebook,Cash
ORD200517,2024-04-09,C55205,Tablet,4,198.35,793.4,FREESHIP,Google,Cash
ORD200518,2025-06-13,C30686,Printer,4,403.58,1614.32,SAVE10,Referral,Online
ORD200519,2025-05-10,C71797,Laptop,4,464.29,1857.16,SAVE10,Email,Debit Card
ORD200520,2023-03-10,C66332,Monitor,3,635.98,1907.94,No Coupon,Referral,Cash
ORD200521,2024-02-25,C82318,Phone,1,528.06,528.06,No Coupon,Facebook,Credit Card
ORD200522,2024-04-20,C66254,Chair,1,515.32,515.32,FREESHIP,Email,Gift Card
ORD200523,2025-02-18,C65083,Desk,4,657.79,2631.16,WINTER15,Google,Credit Card
ORD200524,2023-10-25,C44778,Phone,1,153.0,153.0,No Coupon,Referral,Credit Card
ORD200525,2023-12-03,C54499,Monitor,1,668.48,668.48,SAVE10,Email,Debit Card
ORD200526,2024-02-29,C91201,Desk,2,46.5,93.0,WINTER15,Google,Cash
ORD200527,2024-08-19,C27202,Chair,5,653.47,3267.3500000000004,SAVE10,Referral,Credit Card
ORD200528,2025-02-26,C32011,Chair,1,628.89,628.89,SAVE10,Referral,Credit Card
ORD200529,2024-04-07,C21181,Tablet,2,675.1,1350.2,FREESHIP,Google,Cash
ORD200530,2024-07-18,C98450,Chair,4,89.41,357.64,No Coupon,Google,Online
ORD200531,2024-07-02,C64502,Desk,5,320.01,1600.05,No Coupon,Referral,Gift Card
ORD200532,2025-05-03,C47365,Laptop,2,41.0,82.0,No Coupon,Email,Online
ORD200533,2023-03-05,C66349,Desk,1,565.85,565.85,FREESHIP,Facebook,Gift Card
ORD200534,2024-06-06,C73289,Chair,3,648.59,1945.77,SAVE10,Email,Debit Card
ORD200535,2024-07-24,C48649,Monitor,3,68.12,204.36,FREESHIP,Email,Online
ORD200536,2024-06-09,C18724,Chair,1,616.1,616.1,No Coupon,Email,Cash
ORD200537,2025-03-23,C68553,Tablet,3,247.47,742.41,SAVE10,Facebook,Online
ORD200538,2024-05-24,C61280,Phone,3,490.74,1472.22,WINTER15,Email,Cash
ORD200539,2025-02-18,C53277,Desk,3,531.72,1595.16,SAVE10,Google,Gift Card
ORD200540,2024-01-29,C87281,Laptop,5,648.65,3243.25,No Coupon,Referral,Online
ORD200541,2023-08-07,C69009,Printer,5,456.06,2280.3,No Coupon,Instagram,Cash
ORD200542,2023-11-14,C49726,Tablet,1,17.98,17.98,FREESHIP,Email,Cash
ORD200543,2024-03-09,C37531,Desk,5,269.86,1349.3000000000002,WINTER15,Facebook,Cash
ORD200544,2024-03-10,C48713,Printer,5,31.96,159.8,FREESHIP,Referral,Credit Card
ORD200545,2023-12-19,C74138,Monitor,2,98.47,196.94,No Coupon,Instagram,Cash
ORD200546,2024-03-01,C82399,Monitor,1,158.68,158.68,WINTER15,Instagram,Credit Card
ORD200547,2023-08-20,C40427,Phone,1,613.98,613.98,FREESHIP,Facebook,Online
ORD200548,2024-01-05,C17103,Printer,3,426.12,1278.3600000000001,WINTER15,Instagram,Online
ORD200549,2025-02-25,C34266,Monitor,4,629.88,2519.52,WINTER15,Instagram,Debit Card
ORD200550,2023-10-29,C97485,Laptop,4,228.91,915.64,FREESHIP,Google,Cash
ORD200551,2023-05-18,C23947,Laptop,1,120.98,120.98,WINTER15,Email,Debit Card
ORD200552,2023-09-30,C21665,Chair,4,425.18,1700.72,WINTER15,Facebook,Online
ORD200553,2023-08-23,C82550,Phone,2,333.83,667.66,FREESHIP,Referral,Gift Card
ORD200554,2025-05-30,C61943,Laptop,2,492.9,985.8,FREESHIP,Instagram,Cash
ORD200555,2023-01-07,C88933,Tablet,1,92.04,92.04,No Coupon,Facebook,Cash
ORD200556,2023-01-28,C30923,Laptop,1,654.27,654.27,SAVE10,Facebook,Gift Card
ORD200557,2023-06-29,C56969,Tablet,1,56.2,56.2,WINTER15,Facebook,Debit Card
ORD200558,2024-07-16,C76766,Phone,4,628.12,2512.48,WINTER15,Instagram,Online
ORD200559,2024-04-15,C22981,Desk,3,157.4,472.20000000000005,WINTER15,Email,Debit Card
ORD200560,2023-01-31,C33634,Monitor,4,588.85,2355.4,No Coupon,Email,Gift Card
ORD200561,2023-01-31,C96822,Printer,2,494.78,989.56,No Coupon,Google,Online
ORD200562,2023-10-06,C76675,Laptop,3,663.93,1991.79,FREESHIP,Email,Gift Card
ORD200563,2023-12-12,C12039,Laptop,1,132.68,132.68,SAVE10,Referral,Debit Card
ORD200564,2025-04-08,C93309,Desk,5,364.28,1821.3999999999999,WINTER15,Google,Credit Card
ORD200565,2023-05-14,C62042,Tablet,5,307.98,1539.9,No Coupon,Facebook,Online
ORD200566,2024-04-18,C83223,Phone,4,162.71,650.84,FREESHIP,Email,Cash
ORD200567,2024-09-30,C92575,Chair,5,492.94,2464.7,FREESHIP,Email,Cash
ORD200568,2023-03-10,C29072,Laptop,2,343.99,687.98,No Coupon,Google,Online
ORD200569,2025-03-22,C25783,Desk,5,250.68,1253.4,SAVE10,Instagram,Cash
ORD200570,2024-12-27,C63727,Desk,2,362.14,724.28,SAVE10,Instagram,Debit Card
ORD200571,2024-11-23,C42365,Tablet,1,214.08,214.08,WINTER15,Google,Gift Card
ORD200572,2023-11-11,C27438,Printer,1,70.32,70.32,WINTER15,Facebook,Cash
ORD200573,2023-01-25,C13205,Chair,5,421.42,2107.1,No Coupon,Instagram,Debit Card
ORD200574,2024-01-24,C29685,Chair,5,384.69,1923.45,FREESHIP,Email,Credit Card
ORD200575,2023-06-07,C74005,Chair,5,448.15,2240.75,SAVE10,Google,Gift Card
ORD200576,2024-05-29,C14457,Laptop,5,79.08,395.4,No Coupon,Facebook,Cash
ORD200577,2023-01-22,C77046,Tablet,4,185.41,741.64,WINTER15,Google,Online
ORD200578,2024-10-10,C50415,Monitor,5,566.07,2830.3500000000004,SAVE10,Instagram,Credit Card
ORD200579,2023-06-04,C73999,Tablet,2,187.88,375.76,WINTER15,Facebook,Online
ORD200580,2023-11-14,C71076,Monitor,2,255.99,511.98,SAVE10,Instagram,Credit Card
ORD200581,2024-11-11,C44674,Laptop,1,627.34,627.34,No Coupon,Referral,Online
ORD200582,2024-02-19,C15228,Tablet,3,474.14,1422.42,WINTER15,Google,Gift Card
ORD200583,2025-06-15,C27072,Chair,3,154.37,463.11,No Coupon,Instagram,Gift Card
ORD200584,2025-03-21,C15257,Chair,4,145.05,580.2,SAVE10,Google,Online
ORD200585,2023-08-20,C91486,Tablet,4,67.08,268.32,WINTER15,Google,Cash
ORD200586,2024-11-10,C17389,Monitor,1,522.08,522.08,FREESHIP,Referral,Gift Card
ORD200587,2023-06-12,C18820,Monitor,5,514.6,2573.0,FREESHIP,Instagram,Gift Card
ORD200588,2024-12-10,C61849,Monitor,4,577.82,2311.28,No Coupon,Google,Credit Card
ORD200589,2025-02-10,C84041,Laptop,2,500.8,1001.6,FREESHIP,Referral,Cash
ORD200590,2023-09-10,C55757,Printer,2,461.13,922.26,No Coupon,Email,Gift Card
ORD200591,2024-11-18,C18187,Laptop,1,605.28,605.28,FREESHIP,Referral,Gift Card
ORD200592,2024-04-23,C42306,Phone,3,204.27,612.8100000000001,No Coupon,Google,Online
ORD200593,2023-08-02,C51024,Monitor,1,489.8,489.8,FREESHIP,Facebook,Gift Card
ORD200594,2024-02-21,C40140,Phone,5,72.64,363.2,No Coupon,Email,Credit Card
ORD200595,2025-01-10,C72596,Printer,2,385.16,770.32,SAVE10,Email,Online
ORD200596,2023-06-12,C91805,Desk,3,606.41,1819.23,FREESHIP,Facebook,Debit Card
ORD200597,2024-11-25,C40538,Desk,2,211.82,423.64,WINTER15,Email,Gift Card
ORD200598,2024-04-26,C60329,Desk,5,495.35,2476.75,No Coupon,Facebook,Credit Card
ORD200599,2023-06-30,C28740,Chair,3,556.99,1670.97,FREESHIP,Facebook,Online
ORD200600,2023-05-26,C87051,Printer,1,72.31,72.31,FREESHIP,Facebook,Gift Card
ORD200601,2023-10-02,C12479,Monitor,5,24.82,124.1,No Coupon,Referral,Credit Card
ORD200602,2024-03-05,C35852,Tablet,4,26.04,104.16,SAVE10,Instagram,Online
ORD200603,2024-10-04,C26223,Tablet,1,657.07,657.07,SAVE10,Google,Cash
ORD200604,2025-06-22,C99214,Chair,3,32.62,97.85999999999999,No Coupon,Facebook,Debit Card
ORD200605,2024-05-10,C49605,Monitor,2,228.91,457.82,SAVE10,Referral,Debit Card
ORD200606,2024-11-06,C85018,Laptop,3,274.75,824.25,SAVE10,Google,Cash
ORD200607,2025-05-31,C96434,Printer,4,634.05,2536.2,SAVE10,Google,Cash
ORD200608,2024-07-24,C32956,Laptop,5,543.16,2715.7999999999997,SAVE10,Instagram,Online
ORD200609,2025-01-27,C41137,Chair,3,449.13,1347.3899999999999,WINTER15,Referral,Cash
ORD200610,2024-06-16,C60361,Desk,5,389.62,1948.1,FREESHIP,Facebook,Cash
ORD200611,2023-04-21,C36688,Desk,1,305.17,305.17,WINTER15,Referral,Gift Card
ORD200612,2023-06-02,C51811,Chair,3,445.12,1335.3600000000001,No Coupon,Google,Gift Card
ORD200613,2024-12-19,C62405,Laptop,2,230.36,460.72,WINTER15,Email,Online
ORD200614,2024-03-08,C77363,Phone,1,96.81,96.81,No Coupon,Referral,Gift Card
ORD200615,2025-03-07,C97218,Monitor,5,460.14,2300.7,WINTER15,Facebook,Credit Card
ORD200616,2024-10-17,C43919,Tablet,3,601.6,1804.8000000000002,SAVE10,Facebook,Credit Card
ORD200617,2024-02-08,C57093,Tablet,3,184.47,553.41,No Coupon,Referral,Online
ORD200618,2024-09-03,C50565,Tablet,1,411.34,411.34,No Coupon,Instagram,Debit Card
ORD200619,2024-07-16,C38845,Laptop,1,532.89,532.89,No Coupon,Referral,Gift Card
ORD200620,2024-03-27,C84834,Tablet,3,136.34,409.02,SAVE10,Referral,Debit Card
ORD200621,2023-10-22,C37455,Phone,5,476.01,2380.05,WINTER15,Google,Credit Card
ORD200622,2024-11-02,C27078,Desk,5,236.38,1181.9,No Coupon,Facebook,Credit Card
ORD200623,2023-06-16,C91941,Printer,3,396.0,1188.0,FREESHIP,Instagram,Gift Card
ORD200624,2024-01-16,C25967,Tablet,5,341.96,1709.8,No Coupon,Email,Debit Card
ORD200625,2023-09-24,C22123,Tablet,1,672.89,672.89,WINTER15,Email,Credit Card
ORD200626,2024-03-01,C45671,Tablet,2,657.48,1314.96,SAVE10,Referral,Online
ORD200627,2023-08-06,C53334,Chair,3,498.68,1496.04,FREESHIP,Email,Online
ORD200628,2023-03-26,C18717,Printer,5,558.63,2793.15,FREESHIP,Referral,Cash
ORD200629,2023-07-07,C50137,Phone,3,19.73,59.19,No Coupon,Referral,Online
ORD200630,2023-06-23,C51481,Monitor,5,248.84,1244.2,No Coupon,Instagram,Debit Card
ORD200631,2024-08-31,C99128,Chair,3,46.11,138.32999999999998,WINTER15,Referral,Gift Card
ORD200632,2023-05-02,C67260,Laptop,5,678.16,3390.7999999999997,WINTER15,Facebook,Gift Card
ORD200633,2024-04-10,C79533,Laptop,5,601.72,3008.6000000000004,WINTER15,Instagram,Gift Card
ORD200634,2024-04-25,C66906,Printer,2,259.32,518.64,WINTER15,Referral,Gift Card
ORD200635,2023-12-13,C12818,Chair,3,63.68,191.04,No Coupon,Facebook,Cash
ORD200636,2023-10-05,C60384,Laptop,4,371.07,1484.28,WINTER15,Facebook,Cash
ORD200637,2024-09-29,C92294,Chair,4,306.35,1225.4,WINTER15,Referral,Gift Card
ORD200638,2023-10-15,C66840,Tablet,4,578.27,2313.08,WINTER15,Email,Online
ORD200639,2023-01-20,C22534,Chair,1,529.19,529.19,No Coupon,Referral,Cash
ORD200640,2024-02-27,C46509,Chair,2,587.49,1174.98,SAVE10,Referral,Gift Card
ORD200641,2024-06-30,C71680,Printer,4,567.57,2270.28,WINTER15,Google,Debit Card
ORD200642,2024-04-29,C15063,Chair,5,85.22,426.1,FREESHIP,Email,Credit Card
ORD200643,2024-08-26,C77122,Laptop,1,438.37,438.37,SAVE10,Referral,Cash
ORD200644,2023-11-15,C86524,Chair,2,366.23,732.46,WINTER15,Email,Cash
ORD200645,2023-01-02,C82990,Laptop,2,150.05,300.1,SAVE10,Facebook,Credit Card
ORD200646,2023-10-27,C98761,Chair,4,498.51,1994.04,SAVE10,Google,Debit Card
ORD200647,2025-04-24,C54409,Desk,3,339.39,1018.17,FREESHIP,Google,Cash
ORD200648,2025-01-18,C89674,Monitor,2,575.83,1151.66,WINTER15,Referral,Online
ORD200649,2023-12-23,C45899,Monitor,2,642.98,1285.96,FREESHIP,Email,Debit Card
ORD200650,2023-05-18,C74499,Desk,2,372.23,744.46,SAVE10,Email,Gift Card
ORD200651,2024-11-12,C81192,Chair,3,646.34,1939.02,No Coupon,Google,Debit Card
ORD200652,2024-06-05,C71473,Chair,5,341.84,1709.1999999999998,FREESHIP,Instagram,Online
ORD200653,2024-02-25,C59338,Printer,3,690.3,2070.8999999999996,WINTER15,Google,Credit Card
ORD200654,2023-06-12,C62661,Tablet,3,382.37,1147.1100000000001,No Coupon,Instagram,Debit Card
ORD200655,2023-03-14,C22101,Chair,2,132.6,265.2,WINTER15,Email,Debit Card
ORD200656,2024-01-18,C51404,Monitor,2,189.06,378.12,SAVE10,Facebook,Gift Card
ORD200657,2023-12-24,C19384,Tablet,4,87.79,351.16,FREESHIP,Instagram,Cash
ORD200658,2025-04-18,C86864,Printer,2,46.36,92.72,SAVE10,Google,Gift Card
ORD200659,2024-10-26,C24301,Phone,2,642.04,1284.08,WINTER15,Email,Gift Card
ORD200660,2024-10-19,C43842,Chair,2,651.57,1303.14,WINTER15,Facebook,Debit Card
ORD200661,2025-02-28,C63657,Tablet,3,424.89,1274.67,FREESHIP,Google,Debit Card
ORD200662,2023-01-28,C98332,Laptop,3,438.89,1316.67,No Coupon,Facebook,Cash
ORD200663,2024-04-15,C59774,Monitor,1,72.6,72.6,FREESHIP,Instagram,Debit Card
ORD200664,2024-12-19,C14847,Laptop,4,194.75,779.0,No Coupon,Facebook,Cash
ORD200665,2023-05-02,C83653,Tablet,4,231.26,925.04,WINTER15,Google,Online
ORD200666,2024-08-31,C35711,Monitor,4,327.12,1308.48,No Coupon,Email,Credit Card
ORD200667,2023-05-03,C10477,Laptop,1,466.42,466.42,SAVE10,Email,Gift Card
ORD200668,2024-07-05,C61257,Monitor,2,253.67,507.34,WINTER15,Facebook,Cash
ORD200669,2023-02-05,C60547,Desk,1,257.0,257.0,No Coupon,Referral,Debit Card
ORD200670,2024-04-18,C14576,Desk,4,539.2,2156.8,FREESHIP,Google,Credit Card
ORD200671,2023-06-15,C49282,Chair,5,50.74,253.70000000000002,WINTER15,Google,Gift Card
ORD200672,2023-05-09,C14017,Phone,2,624.16,1248.32,SAVE10,Instagram,Debit Card
ORD200673,2023-02-21,C46504,Tablet,2,372.92,745.84,SAVE10,Email,Credit Card
ORD200674,2024-01-09,C56928,Laptop,4,358.75,1435.0,SAVE10,Facebook,Gift Card
ORD200675,2024-08-06,C97749,Desk,3,342.02,1026.06,No Coupon,Email,Debit Card
ORD200676,2025-06-23,C90431,Laptop,2,422.34,844.68,FREESHIP,Instagram,Credit Card
ORD200677,2025-04-03,C56722,Tablet,5,22.07,110.35,FREESHIP,Instagram,Online
ORD200678,2024-11-24,C40863,Chair,3,163.13,489.39,WINTER15,Facebook,Gift Card
ORD200679,2023-02-02,C40798,Tablet,3,360.66,1081.98,FREESHIP,Instagram,Online
ORD200680,2023-08-27,C16702,Monitor,3,463.39,1390.17,No Coupon,Facebook,Credit Card
ORD200681,2024-01-30,C38262,Tablet,1,155.27,155.27,No Coupon,Email,Debit Card
ORD200682,2023-07-23,C50274,Monitor,3,509.42,1528.26,FREESHIP,Google,Credit Card
ORD200683,2025-05-18,C91591,Desk,4,652.48,2609.92,FREESHIP,Instagram,Cash
ORD200684,2024-09-22,C96583,Printer,4,34.84,139.36,No Coupon,Email,Credit Card
ORD200685,2025-02-07,C64579,Desk,1,234.37,234.37,FREESHIP,Email,Debit Card
ORD200686,2023-10-09,C41903,Desk,3,53.6,160.8,WINTER15,Facebook,Cash
ORD200687,2023-09-13,C19742,Tablet,1,332.09,332.09,FREESHIP,Instagram,Gift Card
ORD200688,2024-03-06,C20077,Monitor,4,593.22,2372.88,WINTER15,Facebook,Credit Card
ORD200689,2023-08-29,C13186,Tablet,2,444.84,889.68,No Coupon,Facebook,Online
ORD200690,2024-07-12,C29318,Monitor,1,24.48,24.48,No Coupon,Instagram,Gift Card
ORD200691,2024-11-24,C36137,Laptop,3,239.08,717.24,No Coupon,Google,Cash
ORD200692,2023-01-23,C25534,Desk,5,196.84,984.2,WINTER15,Instagram,Credit Card
ORD200693,2025-03-12,C62070,Monitor,1,176.58,176.58,No Coupon,Referral,Debit Card
ORD200694,2023-10-02,C92049,Printer,4,666.52,2666.08,FREESHIP,Email,Cash
ORD200695,2024-11-23,C52604,Printer,5,101.3,506.5,FREESHIP,Email,Online
ORD200696,2023-07-02,C22429,Chair,4,151.2,604.8,WINTER15,Facebook,Gift Card
ORD200697,2025-02-04,C27430,Printer,5,94.85,474.25,WINTER15,Email,Cash
ORD200698,2023-01-04,C44366,Laptop,2,388.22,776.44,WINTER15,Instagram,Cash
ORD200699,2023-11-13,C36813,Laptop,3,614.15,1842.4499999999998,No Coupon,Facebook,Gift Card
ORD200700,2024-09-25,C40201,Laptop,2,92.91,185.82,WINTER15,Instagram,Cash
ORD200701,2024-06-23,C75456,Monitor,3,92.22,276.65999999999997,FREESHIP,Email,Credit Card
ORD200702,2024-06-09,C33315,Printer,3,562.55,1687.6499999999999,No Coupon,Email,Debit Card
ORD200703,2023-03-22,C89336,Desk,1,92.79,92.79,WINTER15,Email,Cash
ORD200704,2023-06-03,C96034,Desk,4,30.27,121.08,FREESHIP,Google,Online
ORD200705,2025-03-30,C50114,Monitor,2,49.08,98.16,FREESHIP,Instagram,Debit Card
ORD200706,2025-03-02,C85330,Desk,5,228.09,1140.45,FREESHIP,Facebook,Gift Card
ORD200707,2024-11-01,C31761,Chair,4,650.04,2600.16,SAVE10,Facebook,Gift Card
ORD200708,2025-03-04,C25268,Printer,1,665.11,665.11,FREESHIP,Instagram,Cash
ORD200709,2024-12-07,C17132,Desk,1,386.03,386.03,FREESHIP,Google,Online
ORD200710,2024-07-22,C48790,Laptop,5,21.54,107.69999999999999,No Coupon,Google,Gift Card
ORD200711,2024-07-04,C61070,Tablet,2,475.78,951.56,WINTER15,Google,Online
ORD200712,2024-01-09,C56969,Tablet,2,68.4,136.8,FREESHIP,Email,Gift Card
ORD200713,2025-06-21,C65056,Tablet,4,532.49,2129.96,SAVE10,Facebook,Online
ORD200714,2023-04-21,C84888,Laptop,1,51.73,51.73,FREESHIP,Facebook,Debit Card
ORD200715,2024-07-26,C68266,Printer,3,653.63,1960.8899999999999,FREESHIP,Email,Online
ORD200716,2024-06-13,C84115,Chair,3,454.29,1362.8700000000001,WINTER15,Google,Credit Card
ORD200717,2023-10-16,C50087,Chair,3,122.11,366.33,WINTER15,Email,Online
ORD200718,2023-04-08,C16790,Laptop,4,64.74,258.96,SAVE10,Google,Gift Card
ORD200719,2024-01-21,C46920,Laptop,2,681.06,1362.12,FREESHIP,Facebook,Debit Card
ORD200720,2023-09-21,C12740,Desk,5,128.95,644.75,FREESHIP,Instagram,Cash
ORD200721,2024-03-18,C46557,Desk,2,118.59,237.18,No Coupon,Email,Credit Card
ORD200722,2024-11-15,C58156,Printer,1,95.1,95.1,WINTER15,Instagram,Gift Card
ORD200723,2023-12-09,C14455,Desk,3,54.95,164.85000000000002,SAVE10,Referral,Cash
ORD200724,2024-10-18,C63150,Printer,3,136.97,410.90999999999997,FREESHIP,Referral,Credit Card
ORD200725,2023-03-12,C95269,Chair,2,194.85,389.7,No Coupon,Referral,Gift Card
ORD200726,2024-10-25,C18105,Laptop,4,583.02,2332.08,FREESHIP,Facebook,Online
ORD200727,2024-09-29,C29063,Chair,5,95.75,478.75,SAVE10,Instagram,Online
ORD200728,2024-07-29,C10154,Desk,4,325.76,1303.04,WINTER15,Email,Gift Card
ORD200729,2023-09-08,C36997,Phone,4,186.41,745.64,SAVE10,Google,Gift Card
ORD200730,2025-02-22,C77357,Phone,1,474.6,474.6,SAVE10,Email,Debit Card
ORD200731,2024-06-07,C71310,Printer,5,584.46,2922.3,No Coupon,Email,Credit Card
ORD200732,2025-03-07,C80987,Laptop,1,132.05,132.05,No Coupon,Google,Online
ORD200733,2023-12-04,C90757,Tablet,4,494.84,1979.36,SAVE10,Email,Cash
ORD200734,2024-01-23,C51898,Printer,4,224.61,898.44,WINTER15,Facebook,Credit Card
ORD200735,2024-06-28,C94508,Monitor,4,44.07,176.28,No Coupon,Email,Debit Card
ORD200736,2024-02-09,C59441,Monitor,5,418.53,2092.6499999999996,FREESHIP,Google,Credit Card
ORD200737,2024-01-03,C91029,Phone,4,532.87,2131.48,FREESHIP,Instagram,Cash
ORD200738,2025-06-04,C96261,Phone,2,485.37,970.74,SAVE10,Email,Credit Card
ORD200739,2024-06-13,C35123,Phone,4,386.73,1546.92,SAVE10,Facebook,Cash
ORD200740,2024-07-20,C10892,Desk,2,377.47,754.94,No Coupon,Google,Cash
ORD200741,2025-01-23,C99683,Monitor,5,332.64,1663.1999999999998,No Coupon,Referral,Gift Card
ORD200742,2024-11-30,C41974,Laptop,3,699.93,2099.79,SAVE10,Google,Cash
ORD200743,2024-09-30,C23978,Monitor,1,576.35,576.35,WINTER15,Instagram,Gift Card
ORD200744,2024-06-12,C10642,Tablet,2,461.37,922.74,SAVE10,Google,Cash
ORD200745,2023-03-02,C73813,Printer,4,111.3,445.2,FREESHIP,Email,Debit Card
ORD200746,2025-02-24,C32183,Desk,3,661.89,1985.67,WINTER15,Referral,Online
ORD200747,2025-03-12,C54277,Tablet,2,259.58,519.16,FREESHIP,Instagram,Debit Card
ORD200748,2024-07-15,C56553,Tablet,3,70.81,212.43,FREESHIP,Referral,Credit Card
ORD200749,2025-04-13,C17551,Laptop,1,518.39,518.39,FREESHIP,Instagram,Debit Card
ORD200750,2023-01-14,C14737,Tablet,4,145.41,581.64,FREESHIP,Email,Credit Card
ORD200751,2023-01-24,C35168,Tablet,2,599.86,1199.72,FREESHIP,Facebook,Gift Card
ORD200752,2024-10-03,C82217,Phone,4,429.37,1717.48,FREESHIP,Google,Credit Card
ORD200753,2024-04-24,C42270,Phone,2,241.49,482.98,FREESHIP,Instagram,Debit Card
ORD200754,2025-05-31,C48846,Printer,2,452.05,904.1,WINTER15,Email,Credit Card
ORD200755,2023-06-13,C54160,Desk,3,336.71,1010.1299999999999,No Coupon,Email,Credit Card
ORD200756,2024-06-27,C14080,Phone,1,283.69,283.69,No Coupon,Google,Gift Card
ORD200757,2024-02-22,C81074,Desk,1,157.72,157.72,FREESHIP,Google,Debit Card
ORD200758,2023-03-26,C69021,Tablet,3,624.84,1874.52,WINTER15,Facebook,Credit Card
ORD200759,2023-07-24,C96283,Desk,3,308.01,924.03,FREESHIP,Facebook,Cash
ORD200760,2025-02-18,C96636,Desk,1,39.56,39.56,No Coupon,Google,Debit Card
ORD200761,2023-06-02,C37235,Desk,4,37.76,151.04,No Coupon,Google,Debit Card
ORD200762,2024-09-17,C12444,Phone,3,76.96,230.88,FREESHIP,Email,Cash
ORD200763,2023-04-06,C79142,Laptop,1,569.96,569.96,FREESHIP,Email,Online
ORD200764,2024-03-10,C35983,Laptop,5,627.43,3137.1499999999996,FREESHIP,Email,Credit Card
ORD200765,2023-10-06,C36150,Laptop,2,534.91,1069.82,SAVE10,Google,Debit Card
ORD200766,2023-01-22,C91454,Printer,2,278.88,557.76,FREESHIP,Referral,Debit Card
ORD200767,2025-04-18,C19368,Tablet,2,323.22,646.44,No Coupon,Instagram,Credit Card
ORD200768,2023-09-04,C35987,Tablet,5,653.46,3267.3,WINTER15,Email,Cash
ORD200769,2023-07-06,C13366,Printer,4,678.55,2714.2,No Coupon,Email,Cash
ORD200770,2024-02-11,C72166,Desk,1,314.38,314.38,No Coupon,Google,Online
ORD200771,2024-06-12,C20357,Phone,3,692.44,2077.32,FREESHIP,Google,Debit Card
ORD200772,2024-07-28,C33802,Monitor,1,604.87,604.87,No Coupon,Instagram,Online
ORD200773,2025-06-28,C99205,Phone,2,512.33,1024.66,No Coupon,Facebook,Cash
ORD200774,2025-04-15,C29701,Chair,3,20.54,61.62,FREESHIP,Instagram,Credit Card
ORD200775,2023-03-04,C73941,Phone,2,625.22,1250.44,No Coupon,Google,Online
ORD200776,2023-08-21,C69168,Tablet,1,21.19,21.19,WINTER15,Google,Cash
ORD200777,2025-03-21,C66116,Chair,5,64.49,322.45,No Coupon,Facebook,Online
ORD200778,2023-04-28,C85059,Laptop,4,246.85,987.4,WINTER15,Google,Credit Card
ORD200779,2023-12-01,C18076,Phone,3,588.74,1766.22,FREESHIP,Email,Debit Card
ORD200780,2024-03-31,C41284,Laptop,4,184.48,737.92,WINTER15,Google,Online
ORD200781,2024-01-10,C43524,Phone,5,524.26,2621.3,FREESHIP,Referral,Gift Card
ORD200782,2024-08-11,C58063,Monitor,2,493.63,987.26,SAVE10,Referral,Online
ORD200783,2025-05-26,C19937,Printer,1,438.34,438.34,FREESHIP,Facebook,Gift Card
ORD200784,2025-05-16,C21191,Laptop,1,325.81,325.81,WINTER15,Referral,Credit Card
ORD200785,2023-07-29,C45862,Chair,1,176.1,176.1,SAVE10,Instagram,Credit Card
ORD200786,2023-08-23,C39130,Chair,5,45.31,226.55,No Coupon,Referral,Online
ORD200787,2024-03-17,C18167,Desk,4,221.96,887.84,No Coupon,Google,Cash
ORD200788,2023-11-02,C47307,Chair,2,601.43,1202.86,FREESHIP,Instagram,Online
ORD200789,2023-08-17,C57276,Tablet,5,691.28,3456.3999999999996,SAVE10,Email,Online
ORD200790,2024-09-14,C38928,Laptop,4,417.89,1671.56,No Coupon,Google,Gift Card
ORD200791,2024-01-13,C49710,Chair,4,409.28,1637.12,No Coupon,Email,Cash
ORD200792,2023-06-16,C41709,Desk,2,356.35,712.7,WINTER15,Facebook,Debit Card
ORD200793,2024-04-15,C91255,Chair,5,170.22,851.1,No Coupon,Referral,Debit Card
ORD200794,2023-03-09,C76653,Printer,4,384.85,1539.4,FREESHIP,Instagram,Online
ORD200795,2024-11-20,C95667,Laptop,4,115.77,463.08,SAVE10,Instagram,Online
ORD200796,2025-04-29,C33313,Phone,3,579.55,1738.6499999999999,WINTER15,Facebook,Gift Card
ORD200797,2023-02-27,C36825,Laptop,2,438.76,877.52,No Coupon,Facebook,Debit Card
ORD200798,2025-05-19,C20861,Phone,5,488.35,2441.75,FREESHIP,Email,Debit Card
ORD200799,2023-04-16,C26364,Laptop,4,328.56,1314.24,FREESHIP,Email,Debit Card
ORD200800,2025-03-28,C34686,Tablet,1,68.39,68.39,WINTER15,Facebook,Online
ORD200801,2023-05-03,C97593,Printer,4,595.62,2382.48,FREESHIP,Facebook,Debit Card
ORD200802,2024-02-17,C84331,Chair,5,644.64,3223.2,FREESHIP,Email,Gift Card
ORD200803,2023-08-20,C88775,Monitor,5,397.81,1989.05,SAVE10,Referral,Debit Card
ORD200804,2024-01-01,C76362,Chair,3,236.5,709.5,FREESHIP,Email,Online
ORD200805,2024-10-15,C59278,Laptop,5,472.01,2360.05,SAVE10,Email,Gift Card
ORD200806,2023-09-01,C55819,Chair,5,253.75,1268.75,WINTER15,Instagram,Online
ORD200807,2024-11-10,C82344,Monitor,3,676.21,2028.63,SAVE10,Google,Online
ORD200808,2024-02-13,C65565,Desk,3,134.05,402.15000000000003,No Coupon,Google,Credit Card
ORD200809,2024-04-09,C80416,Desk,5,217.43,1087.15,SAVE10,Instagram,Debit Card
ORD200810,2023-05-31,C23637,Tablet,1,553.56,553.56,No Coupon,Referral,Credit Card
ORD200811,2023-11-05,C24769,Laptop,2,28.55,57.1,SAVE10,Email,Gift Card
ORD200812,2024-01-26,C81547,Phone,2,255.26,510.52,FREESHIP,Google,Credit Card
ORD200813,2025-03-15,C12813,Laptop,5,292.54,1462.7,FREESHIP,Email,Debit Card
ORD200814,2024-12-11,C50732,Chair,4,147.51,590.04,WINTER15,Instagram,Debit Card
ORD200815,2024-08-04,C41320,Printer,3,569.84,1709.52,WINTER15,Instagram,Gift Card
ORD200816,2024-02-21,C55286,Tablet,5,574.79,2873.95,WINTER15,Referral,Credit Card
ORD200817,2023-10-05,C87994,Chair,4,598.19,2392.76,WINTER15,Email,Credit Card
ORD200818,2023-03-02,C25580,Phone,4,390.84,1563.36,WINTER15,Referral,Credit Card
ORD200819,2024-09-28,C66196,Phone,2,398.45,796.9,SAVE10,Google,Debit Card
ORD200820,2023-05-27,C35377,Phone,5,623.81,3119.0499999999997,FREESHIP,Email,Cash
ORD200821,2024-12-14,C40771,Laptop,4,174.49,697.96,SAVE10,Facebook,Credit Card
ORD200822,2025-03-15,C20624,Phone,1,479.56,479.56,SAVE10,Google,Gift Card
ORD200823,2024-10-07,C27070,Laptop,4,653.13,2612.52,WINTER15,Instagram,Credit Card
ORD200824,2023-08-29,C18826,Monitor,3,481.1,1443.3000000000002,FREESHIP,Facebook,Credit Card
ORD200825,2025-03-26,C23899,Desk,5,271.69,1358.45,FREESHIP,Instagram,Online
ORD200826,2025-03-08,C43249,Printer,3,463.81,1391.43,WINTER15,Email,Online
ORD200827,2023-05-25,C95856,Tablet,2,639.88,1279.76,WINTER15,Instagram,Cash
ORD200828,2024-07-24,C86266,Chair,4,404.58,1618.32,FREESHIP,Instagram,Cash
ORD200829,2023-02-05,C39551,Monitor,1,76.93,76.93,WINTER15,Instagram,Debit Card
ORD200830,2024-12-11,C90310,Tablet,4,190.64,762.56,SAVE10,Email,Cash
ORD200831,2023-12-18,C20124,Printer,2,88.73,177.46,No Coupon,Google,Online
ORD200832,2024-03-12,C63372,Chair,5,485.71,2428.5499999999997,SAVE10,Referral,Online
ORD200833,2025-03-14,C90595,Phone,5,78.29,391.45000000000005,WINTER15,Referral,Credit Card
ORD200834,2024-04-11,C98483,Printer,5,22.14,110.7,No Coupon,Instagram,Cash
ORD200835,2024-03-26,C16429,Desk,1,679.65,679.65,FREESHIP,Google,Debit Card
ORD200836,2023-02-02,C31810,Phone,1,178.44,178.44,FREESHIP,Google,Credit Card
ORD200837,2025-06-14,C88029,Chair,5,655.55,3277.75,No Coupon,Email,Online
ORD200838,2024-04-11,C57798,Desk,4,577.08,2308.32,No Coupon,Facebook,Online
ORD200839,2023-08-24,C82858,Chair,3,197.97,593.91,No Coupon,Google,Online
ORD200840,2024-01-14,C60699,Chair,3,411.95,1235.85,FREESHIP,Referral,Credit Card
ORD200841,2024-09-19,C94658,Printer,2,443.22,886.44,No Coupon,Facebook,Credit Card
ORD200842,2025-05-07,C78305,Laptop,3,364.14,1092.42,WINTER15,Referral,Online
ORD200843,2025-05-13,C43538,Desk,3,430.06,1290.18,FREESHIP,Instagram,Gift Card
ORD200844,2024-12-04,C47486,Chair,1,320.92,320.92,FREESHIP,Facebook,Online
ORD200845,2023-10-08,C24212,Phone,3,107.36,322.08,FREESHIP,Google,Gift Card
ORD200846,2024-07-04,C24765,Desk,2,359.86,719.72,No Coupon,Referral,Debit Card
ORD200847,2024-11-18,C48176,Printer,4,434.23,1736.92,FREESHIP,Email,Online
ORD200848,2023-01-01,C54675,Chair,2,645.85,1291.7,No Coupon,Referral,Online
ORD200849,2025-06-09,C16675,Printer,4,214.35,857.4,WINTER15,Referral,Debit Card
ORD200850,2025-04-27,C38557,Monitor,3,638.5,1915.5,FREESHIP,Instagram,Debit Card
ORD200851,2023-12-12,C80183,Laptop,1,365.57,365.57,SAVE10,Email,Online
ORD200852,2024-10-24,C39530,Desk,3,568.05,1704.1499999999999,SAVE10,Google,Gift Card
ORD200853,2023-10-16,C10002,Printer,3,490.01,1470.03,SAVE10,Facebook,Cash
ORD200854,2025-06-13,C56938,Laptop,3,372.6,1117.8000000000002,WINTER15,Referral,Credit Card
ORD200855,2023-05-25,C41331,Monitor,5,240.61,1203.0500000000002,FREESHIP,Email,Credit Card
ORD200856,2024-06-03,C94698,Phone,1,586.62,586.62,No Coupon,Facebook,Debit Card
ORD200857,2024-03-10,C56506,Phone,3,257.84,773.52,No Coupon,Instagram,Online
ORD200858,2023-08-20,C22167,Tablet,5,435.66,2178.3,No Coupon,Facebook,Online
ORD200859,2024-08-28,C11127,Chair,5,261.33,1306.6499999999999,SAVE10,Referral,Credit Card
ORD200860,2024-01-23,C69542,Printer,1,422.54,422.54,SAVE10,Google,Cash
ORD200861,2023-03-19,C93276,Desk,5,330.45,1652.25,FREESHIP,Google,Gift Card
ORD200862,2023-12-02,C37969,Desk,3,120.82,362.46,SAVE10,Referral,Credit Card
ORD200863,2024-05-20,C98276,Phone,1,14.06,14.06,SAVE10,Referral,Credit Card
ORD200864,2023-05-03,C14240,Desk,1,491.11,491.11,SAVE10,Facebook,Credit Card
ORD200865,2023-04-30,C72241,Monitor,4,677.37,2709.48,SAVE10,Google,Cash
ORD200866,2024-07-26,C39664,Desk,5,189.25,946.25,WINTER15,Email,Debit Card
ORD200867,2024-05-26,C53252,Printer,4,142.58,570.32,FREESHIP,Facebook,Cash
ORD200868,2024-06-29,C70452,Monitor,4,316.32,1265.28,No Coupon,Facebook,Debit Card
ORD200869,2024-03-17,C29905,Desk,2,533.95,1067.9,WINTER15,Google,Online
ORD200870,2025-06-01,C78725,Phone,4,470.09,1880.36,FREESHIP,Google,Debit Card
ORD200871,2024-05-16,C93768,Tablet,3,324.3,972.9000000000001,FREESHIP,Email,Debit Card
ORD200872,2023-07-10,C59169,Chair,4,629.34,2517.36,No Coupon,Email,Cash
ORD200873,2024-05-12,C53488,Desk,3,136.84,410.52,SAVE10,Facebook,Cash
ORD200874,2023-10-31,C92180,Chair,2,488.9,977.8,FREESHIP,Facebook,Cash
ORD200875,2023-08-03,C25918,Laptop,5,133.39,666.9499999999999,FREESHIP,Referral,Credit Card
ORD200876,2024-06-09,C90363,Chair,5,608.91,3044.5499999999997,SAVE10,Google,Gift Card
ORD200877,2024-07-25,C43867,Tablet,1,524.06,524.06,FREESHIP,Email,Debit Card
ORD200878,2023-06-01,C73873,Desk,2,330.69,661.38,SAVE10,Google,Online
ORD200879,2025-04-08,C56622,Phone,2,547.67,1095.34,No Coupon,Instagram,Gift Card
ORD200880,2025-03-12,C85074,Laptop,4,233.7,934.8,SAVE10,Facebook,Online
ORD200881,2023-01-03,C59579,Tablet,2,448.85,897.7,No Coupon,Instagram,Credit Card
ORD200882,2025-06-28,C43335,Phone,2,274.12,548.24,FREESHIP,Referral,Cash
ORD200883,2025-05-13,C43595,Printer,5,561.48,2807.4,FREESHIP,Facebook,Online
ORD200884,2024-05-15,C71471,Chair,1,595.54,595.54,No Coupon,Instagram,Gift Card
ORD200885,2024-04-07,C61090,Laptop,4,515.59,2062.36,FREESHIP,Google,Credit Card
ORD200886,2023-10-25,C29620,Phone,1,460.13,460.13,No Coupon,Google,Credit Card
ORD200887,2024-12-19,C67932,Chair,3,171.66,514.98,No Coupon,Google,Debit Card
ORD200888,2024-07-23,C14427,Laptop,2,266.95,533.9,No Coupon,Instagram,Credit Card
ORD200889,2024-10-27,C36725,Monitor,5,650.72,3253.6000000000004,WINTER15,Email,Credit Card
ORD200890,2023-08-11,C51921,Laptop,3,439.53,1318.59,No Coupon,Google,Debit Card
ORD200891,2023-11-11,C36534,Monitor,3,654.54,1963.62,SAVE10,Referral,Cash
ORD200892,2024-06-04,C72043,Desk,1,394.53,394.53,FREESHIP,Referral,Cash
ORD200893,2023-03-21,C99533,Monitor,1,678.01,678.01,FREESHIP,Referral,Cash
ORD200894,2023-05-23,C90852,Tablet,3,575.01,1725.03,WINTER15,Instagram,Online
ORD200895,2023-11-09,C81882,Chair,3,154.64,463.91999999999996,WINTER15,Facebook,Debit Card
ORD200896,2024-10-18,C85466,Desk,3,147.29,441.87,FREESHIP,Google,Gift Card
ORD200897,2024-09-03,C87995,Laptop,4,481.48,1925.92,SAVE10,Instagram,Gift Card
ORD200898,2025-03-05,C44619,Monitor,3,158.37,475.11,No Coupon,Referral,Cash
ORD200899,2025-04-23,C99904,Printer,2,323.37,646.74,SAVE10,Instagram,Online
ORD200900,2025-02-07,C52342,Laptop,5,73.83,369.15,No Coupon,Instagram,Debit Card
ORD200901,2024-04-28,C44277,Tablet,1,458.63,458.63,WINTER15,Referral,Debit Card
ORD200902,2024-07-13,C61162,Monitor,4,180.25,721.0,No Coupon,Facebook,Debit Card
ORD200903,2023-05-17,C80868,Monitor,3,473.49,1420.47,No Coupon,Email,Credit Card
ORD200904,2025-02-05,C16693,Monitor,4,237.43,949.72,WINTER15,Referral,Cash
ORD200905,2023-11-23,C67818,Laptop,1,442.39,442.39,FREESHIP,Facebook,Gift Card
ORD200906,2024-09-03,C49938,Monitor,1,62.12,62.12,No Coupon,Email,Cash
ORD200907,2024-08-04,C90898,Desk,5,298.39,1491.9499999999998,WINTER15,Referral,Gift Card
ORD200908,2025-05-06,C35117,Desk,2,697.93,1395.86,SAVE10,Google,Credit Card
ORD200909,2024-05-27,C60203,Tablet,2,291.85,583.7,FREESHIP,Instagram,Cash
ORD200910,2024-05-31,C36174,Printer,3,308.98,926.94,SAVE10,Instagram,Cash
ORD200911,2024-08-13,C80872,Desk,5,396.86,1984.3000000000002,SAVE10,Instagram,Cash
ORD200912,2024-01-22,C67604,Desk,2,139.69,279.38,FREESHIP,Email,Online
ORD200913,2023-02-16,C45599,Printer,5,475.95,2379.75,WINTER15,Facebook,Credit Card
ORD200914,2025-02-10,C70352,Desk,1,626.6,626.6,WINTER15,Facebook,Gift Card
ORD200915,2024-02-16,C20643,Laptop,4,502.99,2011.96,WINTER15,Referral,Debit Card
ORD200916,2024-06-21,C35669,Printer,5,578.83,2894.15,No Coupon,Referral,Cash
ORD200917,2025-01-20,C65524,Laptop,5,383.82,1919.1,FREESHIP,Google,Credit Card
ORD200918,2025-06-24,C74359,Laptop,5,368.25,1841.25,No Coupon,Instagram,Online
ORD200919,2025-02-07,C92086,Printer,2,374.6,749.2,FREESHIP,Referral,Online
ORD200920,2025-03-12,C26137,Tablet,2,428.09,856.18,No Coupon,Instagram,Credit Card
ORD200921,2023-07-24,C90573,Tablet,1,438.93,438.93,SAVE10,Referral,Gift Card
ORD200922,2024-06-17,C81857,Desk,2,563.82,1127.64,No Coupon,Instagram,Credit Card
ORD200923,2023-02-11,C91582,Printer,3,649.93,1949.79,WINTER15,Facebook,Credit Card
ORD200924,2025-03-22,C81319,Printer,5,268.43,1342.15,SAVE10,Email,Cash
ORD200925,2024-12-20,C78500,Monitor,5,502.47,2512.3500000000004,WINTER15,Email,Online
ORD200926,2024-03-20,C67533,Desk,1,26.95,26.95,WINTER15,Email,Cash
ORD200927,2023-02-14,C35566,Laptop,4,64.69,258.76,WINTER15,Google,Debit Card
ORD200928,2024-05-09,C77166,Laptop,3,247.11,741.33,WINTER15,Referral,Debit Card
ORD200929,2024-10-16,C67936,Tablet,2,536.25,1072.5,No Coupon,Email,Debit Card
ORD200930,2024-12-16,C59554,Phone,2,456.04,912.08,FREESHIP,Email,Debit Card
ORD200931,2024-01-01,C14005,Printer,2,40.23,80.46,SAVE10,Google,Credit Card
ORD200932,2023-03-26,C26118,Laptop,2,72.39,144.78,WINTER15,Instagram,Online
ORD200933,2023-01-26,C59685,Monitor,2,394.16,788.32,No Coupon,Referral,Online
ORD200934,2025-06-01,C40304,Laptop,4,119.84,479.36,FREESHIP,Referral,Gift Card
ORD200935,2023-11-24,C39593,Phone,3,692.71,2078.13,FREESHIP,Instagram,Credit Card
ORD200936,2024-01-12,C50612,Chair,4,56.66,226.64,SAVE10,Instagram,Online
ORD200937,2024-01-16,C39791,Chair,2,298.53,597.06,WINTER15,Email,Debit Card
ORD200938,2023-07-12,C39017,Chair,3,331.46,994.3799999999999,WINTER15,Referral,Credit Card
ORD200939,2025-04-16,C48510,Laptop,2,521.4,1042.8,SAVE10,Instagram,Cash
ORD200940,2023-03-27,C74003,Printer,4,305.32,1221.28,SAVE10,Google,Online
ORD200941,2023-07-17,C91155,Printer,5,111.7,558.5,FREESHIP,Email,Credit Card
ORD200942,2023-09-29,C17591,Tablet,1,479.76,479.76,No Coupon,Email,Credit Card
ORD200943,2023-12-27,C43330,Monitor,3,193.49,580.47,FREESHIP,Facebook,Gift Card
ORD200944,2024-12-16,C32687,Laptop,2,426.22,852.44,WINTER15,Google,Online
ORD200945,2023-08-20,C79722,Tablet,5,276.44,1382.2,FREESHIP,Referral,Gift Card
ORD200946,2024-05-04,C65021,Phone,2,404.96,809.92,SAVE10,Email,Cash
ORD200947,2023-09-07,C85520,Phone,4,465.66,1862.64,FREESHIP,Email,Online
ORD200948,2024-06-21,C94569,Phone,2,594.07,1188.14,No Coupon,Google,Gift Card
ORD200949,2023-11-09,C55778,Desk,5,110.38,551.9,No Coupon,Referral,Cash
ORD200950,2024-05-31,C19722,Laptop,1,596.24,596.24,FREESHIP,Instagram,Credit Card
ORD200951,2024-07-22,C74928,Printer,2,306.24,612.48,FREESHIP,Email,Online
ORD200952,2025-02-27,C49111,Monitor,3,503.39,1510.17,No Coupon,Facebook,Online
ORD200953,2023-02-06,C43721,Phone,1,131.61,131.61,FREESHIP,Facebook,Cash
ORD200954,2024-10-22,C68609,Chair,3,443.44,1330.32,FREESHIP,Google,Gift Card
ORD200955,2023-01-23,C82068,Chair,1,408.13,408.13,WINTER15,Instagram,Gift Card
ORD200956,2024-04-11,C21191,Phone,2,160.98,321.96,SAVE10,Referral,Debit Card
ORD200957,2023-01-12,C73575,Monitor,5,643.89,3219.45,WINTER15,Facebook,Cash
ORD200958,2023-05-13,C82685,Desk,3,158.66,475.98,WINTER15,Email,Gift Card
ORD200959,2024-04-13,C73996,Tablet,2,143.82,287.64,SAVE10,Instagram,Credit Card
ORD200960,2023-12-11,C87687,Laptop,3,379.07,1137.21,WINTER15,Google,Gift Card
ORD200961,2024-11-11,C55464,Phone,1,601.36,601.36,No Coupon,Facebook,Online
ORD200962,2024-09-06,C12459,Phone,2,142.08,284.16,SAVE10,Referral,Gift Card
ORD200963,2024-03-11,C88075,Chair,5,530.34,2651.7000000000003,FREESHIP,Google,Online
ORD200964,2023-08-20,C18583,Phone,5,364.42,1822.1000000000001,SAVE10,Referral,Credit Card
ORD200965,2025-06-18,C70412,Laptop,4,578.28,2313.12,FREESHIP,Email,Gift Card
ORD200966,2025-05-20,C58503,Monitor,5,280.52,1402.6,WINTER15,Facebook,Credit Card
ORD200967,2025-05-06,C52879,Tablet,5,638.92,3194.6,FREESHIP,Google,Credit Card
ORD200968,2024-02-08,C67870,Monitor,4,412.2,1648.8,WINTER15,Referral,Credit Card
ORD200969,2025-06-05,C19439,Desk,1,440.34,440.34,WINTER15,Facebook,Gift Card
ORD200970,2024-09-07,C72664,Desk,1,627.15,627.15,SAVE10,Instagram,Cash
ORD200971,2024-05-27,C32650,Monitor,2,605.26,1210.52,WINTER15,Referral,Cash
ORD200972,2024-06-09,C66438,Laptop,1,90.27,90.27,SAVE10,Facebook,Cash
ORD200973,2025-06-09,C70010,Desk,5,230.77,1153.8500000000001,WINTER15,Referral,Online
ORD200974,2023-09-27,C30722,Desk,5,266.78,1333.8999999999999,No Coupon,Email,Gift Card
ORD200975,2023-05-18,C70529,Desk,1,105.92,105.92,SAVE10,Email,Gift Card
ORD200976,2024-04-04,C18984,Tablet,3,589.3,1767.8999999999999,WINTER15,Referral,Credit Card
ORD200977,2023-01-28,C85841,Chair,4,649.47,2597.88,SAVE10,Google,Cash
ORD200978,2024-06-25,C41508,Printer,4,107.49,429.96,No Coupon,Google,Cash
ORD200979,2023-05-31,C75018,Monitor,3,669.06,2007.1799999999998,SAVE10,Facebook,Cash
ORD200980,2023-10-14,C84320,Chair,3,69.65,208.95000000000002,WINTER15,Instagram,Cash
ORD200981,2023-11-26,C12609,Phone,4,136.83,547.32,SAVE10,Email,Debit Card
ORD200982,2024-09-06,C64935,Monitor,1,304.11,304.11,SAVE10,Referral,Gift Card
ORD200983,2024-11-24,C67528,Monitor,4,296.28,1185.12,SAVE10,Email,Gift Card
ORD200984,2025-02-28,C44176,Desk,1,77.64,77.64,FREESHIP,Facebook,Credit Card
ORD200985,2024-07-20,C92788,Desk,1,243.71,243.71,SAVE10,Google,Gift Card
ORD200986,2024-09-07,C69213,Laptop,4,644.96,2579.84,FREESHIP,Email,Credit Card
ORD200987,2025-06-05,C67387,Phone,5,283.73,1418.65,FREESHIP,Instagram,Gift Card
ORD200988,2025-02-04,C90318,Desk,2,629.56,1259.12,WINTER15,Instagram,Gift Card
ORD200989,2023-03-23,C49995,Laptop,4,246.11,984.44,SAVE10,Instagram,Credit Card
ORD200990,2023-11-19,C52313,Phone,2,418.26,836.52,SAVE10,Google,Debit Card
ORD200991,2024-05-09,C10211,Desk,5,127.18,635.9000000000001,FREESHIP,Google,Debit Card
ORD200992,2024-08-27,C97907,Printer,3,586.21,1758.63,WINTER15,Referral,Gift Card
ORD200993,2024-04-06,C61384,Monitor,3,267.45,802.3499999999999,WINTER15,Instagram,Gift Card
ORD200994,2024-06-27,C27613,Tablet,4,615.65,2462.6,WINTER15,Google,Debit Card
ORD200995,2023-11-18,C99271,Monitor,2,113.29,226.58,SAVE10,Facebook,Cash
ORD200996,2024-04-28,C28648,Monitor,4,473.86,1895.44,SAVE10,Facebook,Debit Card
ORD200997,2023-11-27,C26210,Laptop,3,444.75,1334.25,SAVE10,Facebook,Cash
ORD200998,2023-05-19,C90350,Phone,2,183.67,367.34,SAVE10,Google,Debit Card
ORD200999,2023-12-24,C61957,Printer,1,483.38,483.38,FREESHIP,Google,Cash
ORD201000,2023-06-21,C90132,Printer,5,260.93,1304.65,SAVE10,Email,Online
ORD201001,2023-12-08,C31371,Printer,2,253.68,507.36,No Coupon,Referral,Gift Card
ORD201002,2025-06-19,C83911,Tablet,4,699.88,2799.52,WINTER15,Referral,Cash
ORD201003,2023-01-11,C84700,Printer,5,319.97,1599.8500000000001,SAVE10,Google,Cash
ORD201004,2025-06-09,C87529,Chair,4,246.91,987.64,SAVE10,Referral,Online
ORD201005,2023-03-02,C38065,Printer,3,392.85,1178.5500000000002,No Coupon,Google,Credit Card
ORD201006,2024-05-27,C27435,Tablet,5,420.98,2104.9,SAVE10,Facebook,Cash
ORD201007,2024-03-20,C46651,Monitor,2,73.26,146.52,WINTER15,Facebook,Cash
ORD201008,2023-01-13,C62557,Monitor,3,410.88,1232.6399999999999,FREESHIP,Instagram,Cash
ORD201009,2023-09-02,C54494,Tablet,2,176.46,352.92,FREESHIP,Email,Credit Card
ORD201010,2023-03-31,C33729,Monitor,3,659.57,1978.71,SAVE10,Email,Credit Card
ORD201011,2024-12-03,C47823,Phone,2,478.36,956.72,No Coupon,Google,Online
ORD201012,2024-12-03,C84570,Printer,4,30.05,120.2,No Coupon,Facebook,Online
ORD201013,2025-04-26,C91123,Laptop,4,300.56,1202.24,FREESHIP,Facebook,Cash
ORD201014,2024-02-04,C92548,Tablet,5,226.45,1132.25,FREESHIP,Email,Debit Card
ORD201015,2024-01-26,C97454,Printer,2,349.4,698.8,SAVE10,Instagram,Online
ORD201016,2023-12-29,C20257,Tablet,5,268.78,1343.8999999999999,WINTER15,Email,Debit Card
ORD201017,2024-08-25,C51694,Chair,2,680.85,1361.7,FREESHIP,Referral,Gift Card
ORD201018,2023-07-08,C77499,Laptop,3,182.48,547.4399999999999,No Coupon,Instagram,Cash
ORD201019,2024-04-06,C28386,Desk,1,277.09,277.09,SAVE10,Referral,Cash
ORD201020,2024-04-22,C50211,Tablet,2,26.5,53.0,SAVE10,Instagram,Online
ORD201021,2023-10-23,C74519,Phone,3,315.27,945.81,SAVE10,Email,Credit Card
ORD201022,2025-02-24,C19071,Tablet,3,450.98,1352.94,SAVE10,Referral,Credit Card
ORD201023,2024-09-23,C65251,Laptop,5,233.67,1168.35,No Coupon,Referral,Cash
ORD201024,2024-01-29,C90612,Chair,3,367.75,1103.25,FREESHIP,Facebook,Cash
ORD201025,2025-05-17,C28406,Chair,1,23.53,23.53,FREESHIP,Instagram,Gift Card
ORD201026,2023-05-01,C55454,Monitor,1,677.48,677.48,WINTER15,Facebook,Online
ORD201027,2024-05-21,C93467,Laptop,4,554.83,2219.32,No Coupon,Google,Cash
ORD201028,2023-02-17,C60042,Desk,4,440.31,1761.24,No Coupon,Instagram,Cash
ORD201029,2025-03-01,C44733,Desk,1,87.06,87.06,FREESHIP,Email,Credit Card
ORD201030,2023-10-02,C61773,Phone,4,245.28,981.12,WINTER15,Email,Credit Card
ORD201031,2023-02-28,C59183,Phone,5,664.51,3322.55,SAVE10,Email,Debit Card
ORD201032,2023-04-20,C26188,Chair,1,618.68,618.68,WINTER15,Referral,Online
ORD201033,2024-12-24,C20338,Monitor,1,370.85,370.85,FREESHIP,Referral,Gift Card
ORD201034,2024-06-16,C84524,Printer,4,517.98,2071.92,FREESHIP,Facebook,Cash
ORD201035,2023-11-12,C70315,Laptop,4,506.11,2024.44,No Coupon,Referral,Cash
ORD201036,2024-05-31,C98278,Phone,3,413.83,1241.49,SAVE10,Facebook,Gift Card
ORD201037,2023-12-13,C32347,Printer,1,249.81,249.81,SAVE10,Google,Cash
ORD201038,2025-03-15,C77961,Tablet,3,362.53,1087.59,No Coupon,Facebook,Debit Card
ORD201039,2025-06-28,C49137,Desk,2,299.23,598.46,WINTER15,Instagram,Credit Card
ORD201040,2023-11-15,C13169,Tablet,1,536.07,536.07,FREESHIP,Google,Debit Card
ORD201041,2023-02-11,C21167,Monitor,4,558.9,2235.6,WINTER15,Google,Gift Card
ORD201042,2024-12-09,C59724,Tablet,2,409.75,819.5,WINTER15,Facebook,Debit Card
ORD201043,2025-01-11,C43965,Tablet,2,179.96,359.92,No Coupon,Instagram,Gift Card
ORD201044,2025-06-22,C63018,Printer,1,38.49,38.49,FREESHIP,Referral,Credit Card
ORD201045,2024-09-20,C11893,Laptop,5,316.4,1582.0,No Coupon,Email,Gift Card
ORD201046,2024-10-07,C85421,Tablet,3,547.15,1641.4499999999998,WINTER15,Instagram,Online
ORD201047,2023-06-23,C81726,Chair,4,540.34,2161.36,WINTER15,Referral,Gift Card
ORD201048,2024-09-09,C57601,Monitor,4,73.65,294.6,No Coupon,Google,Debit Card
ORD201049,2024-07-18,C60575,Desk,5,391.86,1959.3000000000002,No Coupon,Instagram,Credit Card
ORD201050,2023-08-20,C70659,Laptop,5,69.7,348.5,No Coupon,Instagram,Online
ORD201051,2025-03-05,C35043,Monitor,5,26.43,132.15,FREESHIP,Facebook,Gift Card
ORD201052,2023-09-11,C12301,Tablet,1,531.74,531.74,WINTER15,Google,Online
ORD201053,2024-09-15,C32798,Phone,2,496.62,993.24,SAVE10,Instagram,Online
ORD201054,2023-11-29,C42949,Printer,1,660.66,660.66,WINTER15,Instagram,Debit Card
ORD201055,2023-10-23,C10787,Monitor,4,274.82,1099.28,WINTER15,Email,Debit Card
ORD201056,2024-06-14,C26152,Phone,2,486.35,972.7,SAVE10,Referral,Online
ORD201057,2024-09-24,C46210,Laptop,3,428.88,1286.6399999999999,WINTER15,Facebook,Debit Card
ORD201058,2023-09-08,C32943,Desk,2,412.14,824.28,FREESHIP,Instagram,Credit Card
ORD201059,2024-09-22,C73629,Desk,1,265.64,265.64,WINTER15,Instagram,Credit Card
ORD201060,2024-05-07,C38024,Tablet,2,273.43,546.86,WINTER15,Referral,Cash
ORD201061,2025-01-29,C25445,Laptop,5,131.7,658.5,FREESHIP,Google,Cash
ORD201062,2023-08-23,C13501,Chair,5,85.52,427.59999999999997,No Coupon,Facebook,Gift Card
ORD201063,2024-06-19,C42108,Desk,2,320.68,641.36,FREESHIP,Referral,Credit Card
ORD201064,2025-02-12,C32121,Laptop,4,198.81,795.24,FREESHIP,Referral,Cash
ORD201065,2023-10-30,C47778,Printer,5,666.8,3334.0,SAVE10,Referral,Debit Card
ORD201066,2023-12-20,C10791,Desk,1,355.09,355.09,SAVE10,Instagram,Debit Card
ORD201067,2023-06-06,C78959,Phone,2,316.2,632.4,No Coupon,Instagram,Online
ORD201068,2024-08-03,C29914,Laptop,1,133.39,133.39,SAVE10,Referral,Debit Card
ORD201069,2023-02-25,C70506,Monitor,1,454.23,454.23,No Coupon,Facebook,Gift Card
ORD201070,2024-09-06,C46873,Desk,4,491.29,1965.16,No Coupon,Email,Debit Card
ORD201071,2025-06-24,C94037,Phone,2,255.14,510.28,No Coupon,Google,Cash
ORD201072,2023-02-26,C88644,Monitor,1,392.61,392.61,SAVE10,Referral,Gift Card
ORD201073,2024-10-11,C69471,Tablet,4,362.06,1448.24,No Coupon,Facebook,Debit Card
ORD201074,2024-05-10,C21437,Phone,1,222.73,222.73,No Coupon,Google,Online
ORD201075,2024-08-31,C40949,Monitor,2,552.63,1105.26,WINTER15,Instagram,Debit Card
ORD201076,2023-05-08,C99116,Laptop,4,686.61,2746.44,No Coupon,Referral,Cash
ORD201077,2025-03-07,C57861,Printer,3,305.16,915.48,SAVE10,Referral,Credit Card
ORD201078,2023-03-18,C62627,Desk,1,41.09,41.09,WINTER15,Email,Online
ORD201079,2024-06-20,C89979,Phone,5,634.0,3170.0,No Coupon,Email,Gift Card
ORD201080,2023-01-20,C70613,Laptop,5,464.74,2323.7,No Coupon,Referral,Gift Card
ORD201081,2023-04-21,C55636,Monitor,4,425.6,1702.4,FREESHIP,Google,Credit Card
ORD201082,2023-10-06,C96595,Chair,3,573.22,1719.66,SAVE10,Email,Debit Card
ORD201083,2024-07-09,C68508,Chair,1,123.28,123.28,SAVE10,Email,Credit Card
ORD201084,2023-01-08,C45175,Phone,1,70.82,70.82,WINTER15,Instagram,Gift Card
ORD201085,2023-05-21,C28049,Printer,2,646.69,1293.38,WINTER15,Instagram,Debit Card
ORD201086,2023-12-23,C46967,Tablet,2,513.42,1026.84,WINTER15,Instagram,Online
ORD201087,2025-03-23,C84134,Laptop,4,693.07,2772.28,SAVE10,Instagram,Online
ORD201088,2023-11-30,C49831,Desk,3,491.43,1474.29,WINTER15,Instagram,Gift Card
ORD201089,2025-03-15,C13324,Tablet,2,599.74,1199.48,No Coupon,Instagram,Gift Card
ORD201090,2023-02-25,C61225,Monitor,2,650.25,1300.5,No Coupon,Instagram,Gift Card
ORD201091,2024-10-08,C16400,Laptop,3,209.48,628.4399999999999,No Coupon,Email,Debit Card
ORD201092,2023-08-21,C38642,Laptop,5,209.2,1046.0,WINTER15,Email,Debit Card
ORD201093,2023-06-09,C86773,Phone,4,197.36,789.44,FREESHIP,Instagram,Gift Card
ORD201094,2023-06-28,C66093,Printer,4,648.91,2595.64,SAVE10,Instagram,Credit Card
ORD201095,2024-04-23,C33051,Phone,2,441.54,883.08,SAVE10,Email,Online
ORD201096,2025-05-03,C18169,Tablet,2,464.92,929.84,No Coupon,Facebook,Debit Card
ORD201097,2024-12-26,C81370,Monitor,5,506.45,2532.25,WINTER15,Google,Gift Card
ORD201098,2023-06-17,C91103,Monitor,4,255.86,1023.44,No Coupon,Email,Credit Card
ORD201099,2024-09-19,C21953,Laptop,2,125.23,250.46,FREESHIP,Email,Cash
ORD201100,2023-08-17,C15146,Laptop,5,38.11,190.55,WINTER15,Instagram,Debit Card
ORD201101,2025-06-08,C43546,Monitor,3,161.97,485.90999999999997,SAVE10,Email,Cash
ORD201102,2024-06-03,C98474,Chair,4,347.17,1388.68,No Coupon,Instagram,Debit Card
ORD201103,2023-04-24,C90292,Laptop,4,276.32,1105.28,No Coupon,Google,Online
ORD201104,2024-07-25,C17075,Tablet,4,314.76,1259.04,No Coupon,Instagram,Online
ORD201105,2024-01-08,C12487,Tablet,3,475.69,1427.07,FREESHIP,Google,Gift Card
ORD201106,2023-03-12,C34555,Chair,1,372.8,372.8,SAVE10,Facebook,Cash
ORD201107,2025-06-30,C25110,Tablet,2,63.21,126.42,SAVE10,Google,Online
ORD201108,2023-03-20,C35136,Laptop,1,634.94,634.94,WINTER15,Instagram,Online
ORD201109,2024-04-08,C62277,Printer,4,77.47,309.88,SAVE10,Instagram,Gift Card
ORD201110,2024-02-25,C12472,Chair,3,84.31,252.93,SAVE10,Email,Credit Card
ORD201111,2023-05-06,C24047,Monitor,4,234.45,937.8,FREESHIP,Instagram,Online
ORD201112,2023-10-13,C76929,Desk,1,356.81,356.81,WINTER15,Instagram,Online
ORD201113,2023-03-19,C52914,Desk,4,209.99,839.96,No Coupon,Google,Cash
ORD201114,2023-03-16,C55164,Tablet,3,659.88,1979.6399999999999,No Coupon,Google,Gift Card
ORD201115,2025-06-20,C70426,Laptop,2,336.32,672.64,No Coupon,Google,Online
ORD201116,2023-10-14,C69149,Printer,2,531.49,1062.98,WINTER15,Facebook,Credit Card
ORD201117,2024-05-20,C78684,Chair,3,588.44,1765.3200000000002,WINTER15,Google,Gift Card
ORD201118,2024-05-24,C58168,Phone,3,251.48,754.4399999999999,No Coupon,Email,Credit Card
ORD201119,2024-11-24,C99024,Laptop,1,684.65,684.65,FREESHIP,Email,Credit Card
ORD201120,2025-05-10,C22919,Tablet,1,195.86,195.86,No Coupon,Facebook,Online
ORD201121,2023-05-28,C98354,Phone,3,50.34,151.02,FREESHIP,Instagram,Gift Card
ORD201122,2023-06-07,C38840,Monitor,5,678.19,3390.9500000000003,No Coupon,Facebook,Online
ORD201123,2023-04-14,C68936,Tablet,3,554.25,1662.75,WINTER15,Referral,Debit Card
ORD201124,2023-05-09,C33744,Chair,4,576.87,2307.48,No Coupon,Instagram,Gift Card
ORD201125,2023-10-16,C23555,Desk,4,408.36,1633.44,FREESHIP,Referral,Gift Card
ORD201126,2024-07-22,C34337,Phone,5,190.11,950.5500000000001,SAVE10,Google,Cash
ORD201127,2025-03-15,C69396,Printer,3,602.75,1808.25,SAVE10,Email,Credit Card
ORD201128,2023-08-17,C49198,Monitor,3,646.79,1940.37,WINTER15,Google,Cash
ORD201129,2023-06-11,C43911,Chair,4,418.71,1674.84,FREESHIP,Instagram,Cash
ORD201130,2025-02-16,C24347,Laptop,2,323.45,646.9,FREESHIP,Instagram,Credit Card
ORD201131,2024-07-18,C21043,Phone,1,694.5,694.5,WINTER15,Facebook,Credit Card
ORD201132,2024-12-02,C58858,Chair,2,337.32,674.64,SAVE10,Email,Credit Card
ORD201133,2024-04-09,C20670,Printer,2,467.91,935.82,WINTER15,Facebook,Gift Card
ORD201134,2024-06-08,C90993,Desk,4,38.28,153.12,WINTER15,Facebook,Debit Card
ORD201135,2023-12-28,C11473,Printer,2,73.41,146.82,SAVE10,Google,Online
ORD201136,2023-09-24,C71899,Tablet,3,668.33,2004.9900000000002,WINTER15,Facebook,Gift Card
ORD201137,2024-07-29,C48577,Printer,4,410.21,1640.84,WINTER15,Instagram,Cash
ORD201138,2023-12-18,C13100,Desk,4,294.41,1177.64,No Coupon,Instagram,Debit Card
ORD201139,2025-03-01,C70659,Chair,3,501.82,1505.46,FREESHIP,Email,Gift Card
ORD201140,2024-06-24,C49838,Printer,2,552.83,1105.66,No Coupon,Referral,Credit Card
ORD201141,2025-02-16,C11998,Chair,3,498.66,1495.98,No Coupon,Email,Cash
ORD201142,2024-08-23,C23405,Phone,4,695.1,2780.4,No Coupon,Email,Debit Card
ORD201143,2023-04-03,C41132,Chair,1,381.61,381.61,No Coupon,Email,Debit Card
ORD201144,2023-02-16,C88463,Desk,5,507.94,2539.7,No Coupon,Facebook,Online
ORD201145,2025-05-12,C28152,Desk,3,571.53,1714.59,FREESHIP,Facebook,Debit Card
ORD201146,2024-10-03,C36383,Monitor,5,421.44,2107.2,SAVE10,Instagram,Cash
ORD201147,2025-01-02,C19759,Chair,2,588.3,1176.6,FREESHIP,Email,Online
ORD201148,2024-06-25,C54886,Phone,1,355.15,355.15,SAVE10,Email,Cash
ORD201149,2024-07-25,C27305,Chair,2,695.29,1390.58,FREESHIP,Instagram,Credit Card
ORD201150,2023-02-20,C17921,Desk,4,302.65,1210.6,SAVE10,Referral,Credit Card
ORD201151,2023-01-29,C94381,Chair,2,608.04,1216.08,No Coupon,Google,Cash
ORD201152,2023-11-09,C25162,Tablet,2,344.18,688.36,No Coupon,Referral,Credit Card
ORD201153,2024-12-16,C98317,Monitor,4,696.71,2786.84,No Coupon,Instagram,Debit Card
ORD201154,2025-06-11,C53631,Monitor,3,198.63,595.89,SAVE10,Instagram,Cash
ORD201155,2023-08-13,C41478,Printer,4,534.57,2138.28,FREESHIP,Facebook,Credit Card
ORD201156,2023-07-19,C20512,Laptop,4,690.78,2763.12,No Coupon,Referral,Credit Card
ORD201157,2024-05-29,C25841,Monitor,3,301.55,904.6500000000001,FREESHIP,Google,Debit Card
ORD201158,2023-04-20,C82781,Monitor,4,27.42,109.68,SAVE10,Referral,Debit Card
ORD201159,2024-02-23,C66112,Desk,4,466.7,1866.8,No Coupon,Instagram,Debit Card
ORD201160,2024-09-04,C40466,Desk,1,541.64,541.64,SAVE10,Email,Debit Card
ORD201161,2023-10-16,C32570,Phone,1,11.39,11.39,WINTER15,Email,Cash
ORD201162,2025-03-11,C29405,Phone,2,224.37,448.74,WINTER15,Referral,Debit Card
ORD201163,2024-06-11,C30643,Laptop,3,306.29,918.8700000000001,WINTER15,Instagram,Credit Card
ORD201164,2024-01-08,C65890,Tablet,5,315.57,1577.85,WINTER15,Email,Debit Card
ORD201165,2023-07-14,C36992,Chair,3,223.79,671.37,No Coupon,Google,Debit Card
ORD201166,2023-07-31,C95568,Chair,3,324.47,973.4100000000001,WINTER15,Email,Cash
ORD201167,2023-10-17,C17966,Printer,2,92.87,185.74,FREESHIP,Facebook,Credit Card
ORD201168,2023-04-08,C89559,Laptop,2,331.42,662.84,WINTER15,Google,Credit Card
ORD201169,2024-12-23,C15849,Chair,1,525.43,525.43,SAVE10,Instagram,Cash
ORD201170,2023-08-03,C94257,Printer,2,697.19,1394.38,FREESHIP,Email,Cash
ORD201171,2023-08-28,C39911,Phone,4,518.4,2073.6,SAVE10,Facebook,Credit Card
ORD201172,2025-02-04,C28828,Desk,3,131.96,395.88,No Coupon,Instagram,Credit Card
ORD201173,2024-10-04,C82921,Monitor,1,208.36,208.36,FREESHIP,Email,Online
ORD201174,2023-11-27,C50159,Printer,3,222.34,667.02,WINTER15,Email,Credit Card
ORD201175,2024-09-10,C62512,Printer,3,91.74,275.21999999999997,FREESHIP,Referral,Debit Card
ORD201176,2023-08-13,C39260,Tablet,2,213.83,427.66,WINTER15,Email,Debit Card
ORD201177,2023-04-27,C23917,Printer,1,127.55,127.55,SAVE10,Referral,Cash
ORD201178,2024-09-08,C65107,Monitor,1,70.24,70.24,FREESHIP,Google,Credit Card
ORD201179,2023-01-08,C84630,Laptop,5,518.55,2592.75,WINTER15,Instagram,Credit Card
ORD201180,2023-10-31,C42235,Chair,4,298.36,1193.44,FREESHIP,Google,Debit Card
ORD201181,2023-07-27,C70246,Desk,3,158.74,476.22,FREESHIP,Instagram,Online
ORD201182,2025-06-14,C18473,Chair,2,420.29,840.58,SAVE10,Google,Gift Card
ORD201183,2023-04-05,C12607,Desk,1,281.52,281.52,WINTER15,Referral,Gift Card
ORD201184,2023-09-27,C10222,Laptop,1,204.08,204.08,No Coupon,Google,Gift Card
ORD201185,2024-07-08,C77344,Chair,1,343.31,343.31,SAVE10,Google,Gift Card
ORD201186,2023-11-18,C65497,Monitor,1,163.32,163.32,WINTER15,Facebook,Cash
ORD201187,2024-03-13,C26340,Desk,2,184.6,369.2,WINTER15,Email,Gift Card
ORD201188,2023-10-07,C75619,Printer,2,371.29,742.58,WINTER15,Facebook,Gift Card
ORD201189,2024-08-17,C96136,Tablet,5,389.22,1946.1000000000001,No Coupon,Referral,Cash
ORD201190,2025-06-08,C46886,Desk,3,616.39,1849.17,FREESHIP,Instagram,Credit Card
ORD201191,2025-02-10,C44148,Desk,4,376.43,1505.72,WINTER15,Instagram,Gift Card
ORD201192,2024-02-28,C72007,Chair,3,432.85,1298.5500000000002,No Coupon,Instagram,Online
ORD201193,2025-06-16,C45104,Tablet,1,687.89,687.89,FREESHIP,Email,Cash
ORD201194,2023-11-19,C29885,Printer,3,189.44,568.3199999999999,FREESHIP,Email,Cash
ORD201195,2024-06-20,C21126,Desk,1,107.04,107.04,FREESHIP,Google,Credit Card
ORD201196,2024-03-04,C20095,Monitor,2,662.53,1325.06,No Coupon,Facebook,Online
ORD201197,2023-07-13,C79674,Tablet,2,436.84,873.68,FREESHIP,Instagram,Online
ORD201198,2024-08-22,C64753,Chair,4,262.52,1050.08,WINTER15,Instagram,Debit Card
ORD201199,2023-06-11,C57502,Tablet,4,560.58,2242.32,SAVE10,Referral,Gift Card
